aw_deep_link,product_name,aw_product_id,merchant_product_id,merchant_image_url,description,merchant_category,search_price,merchant_name,merchant_id,category_name,category_id,aw_image_url,currency,store_price,delivery_cost,merchant_deep_link,language,last_updated,display_price,data_feed_id,brand_name,in_stock,large_image,alternate_image,alternate_image_two,alternate_image_four,alternate_image_three,gender_added,category_added
https://www.awin1.com/pclick.php?p=43679564242&a=2771700&m=120726,"Women's Fashion Pants with Elastic Waistband, Bow Tie Design, Sequins Detailing, Stylish Long Trousers for Casual Wear",43679564242,126274468,https://cdn.shopify.com/s/files/1/0885/0073/2222/files/O1CN01oZkkcL28km98wGzh2__2219467327971-0-cib.jpg?v=1766461417,"       Elevate your casual wardrobe with these versatile women's fashion pants, designed for effortless style and comfort. The elastic waistband ensures a secure, adjustable fit throughout the day, while the distinctive bow tie design at the waist adds a refined touch. Sequin detailing catches the light beautifully, transforming these long trousers from everyday basics into statement pieces. Perfect for casual outings, brunches, or relaxed social gatherings, they balance playful embellishment with wearable sophistication. The streamlined silhouette flatters various body types, making them a reliable choice for building a modern casual collection. SIZE UNIT:CM                                                                                         ",,49.9,Seldom Seen Styles,120726,,,https://images2.productserve.com/?w=200&h=200&bg=white&trim=5&t=letterbox&url=ssl%3Acdn.shopify.com%2Fs%2Ffiles%2F1%2F0885%2F0073%2F2222%2Ffiles%2FO1CN01oZkkcL28km98wGzh2__2219467327971-0-cib.jpg%3Fv%3D1766461417&feedId=111395&k=d03fdda5590503c7be36a9e4622aaaa01f513f73,USD,,,https://21c525-b8.myshopify.com/products/womens-fashion-pants-with-elastic-waistband-bow-tie-design-sequins-detailing-stylish-long-trousers-for-casual-wear?variant=12216946590014,,,USD49.90,111395,Seldom Seen Styles,1,,,,,,Womens,Trousers & Legwear
https://www.awin1.com/pclick.php?p=43679565333&a=2771700&m=120726,Vintage brown velvet hoodie and loose-fitting trousers set（Includes belt）,43679565333,126281091,https://cdn.shopify.com/s/files/1/0885/0073/2222/files/a21242600be565c3ed0d93c1697d0030.jpg?v=1767525316,"Key Features: 1.Material: Made from high-quality velvet, offering a silky-smooth texture and a gentle touch on the skin.2.Design: Hood and side pockets.3.Fit: Comfortable Fit,the loose-fitting pants provide ease of movement, while the hoodie offers a cozy feel.4.Occasion: Suitable for daily activities, from work to weekend getaways5.Care instructions: Wash in cold water, air dry, iron on low heat when necessary Size chart：",,59,Seldom Seen Styles,120726,,,https://images2.productserve.com/?w=200&h=200&bg=white&trim=5&t=letterbox&url=ssl%3Acdn.shopify.com%2Fs%2Ffiles%2F1%2F0885%2F0073%2F2222%2Ffiles%2Fa21242600be565c3ed0d93c1697d0030.jpg%3Fv%3D1767525316&feedId=111395&k=1172417c1f08e198d65fc744154bfff35361a41e,USD,,,https://21c525-b8.myshopify.com/products/vintage-brown-velvet-hoodie-and-loose-fitting-trousers-set-includes-belt?variant=12224740000062,,,USD59.00,111395,Seldom Seen Styles,1,,,,,,Womens,Trousers & Legwear
https://www.awin1.com/pclick.php?p=43701597829&a=2771700&m=120726,Cloudline Quilted Trousers,43701597829,126794272,https://cdn.shopify.com/s/files/1/0885/0073/2222/files/blk1.jpg?v=1768281301,"Soft, sculpted and made for movement, the Cloudline Quilted Trousers wrap you in warmth with every step. With a lofty quilted texture and fluid wide-leg silhouette, they feel as relaxed as a weekend coffee run, yet styled enough for city errands.  Quilted cotton texture with puffed warmth High waist with adjustable drawstring Relaxed wide-leg fit for everyday ease",,39.95,Seldom Seen Styles,120726,,,https://images2.productserve.com/?w=200&h=200&bg=white&trim=5&t=letterbox&url=ssl%3Acdn.shopify.com%2Fs%2Ffiles%2F1%2F0885%2F0073%2F2222%2Ffiles%2Fblk1.jpg%3Fv%3D1768281301&feedId=111395&k=5e47280da2a0e2469fff7bb8dee22b3bb7575457,USD,,,https://21c525-b8.myshopify.com/products/cloudline-quilted-trousers?variant=12234176463166,,,USD39.95,111395,Seldom Seen Styles,1,,,,,,Womens,Trousers & Legwear
https://www.awin1.com/pclick.php?p=43794316710&a=2771700&m=120726,Ladies retro linen trousers casual elastic pants,43794316710,127198309,https://cdn.shopify.com/s/files/1/0885/0073/2222/files/Autumn-Oversized-Wide-Leg-Pants-Celmia-Women-Vintage-Linen-Palazzo-Fashion-Long-Trousers-Casual-Elastic-Waist_414f2979-b60e-4d44-b67d-648b8cbc5dfc.jpg?v=1761643508,"SPU: DMHX0644 	Material: cotton and linen 	Pants type: wide leg pants 	Pattern type: picture color 	Process: Pure color 	Occasion: dating, work, leisure            ",,21.99,Seldom Seen Styles,120726,,,https://images2.productserve.com/?w=200&h=200&bg=white&trim=5&t=letterbox&url=ssl%3Acdn.shopify.com%2Fs%2Ffiles%2F1%2F0885%2F0073%2F2222%2Ffiles%2FAutumn-Oversized-Wide-Leg-Pants-Celmia-Women-Vintage-Linen-Palazzo-Fashion-Long-Trousers-Casual-Elastic-Waist_414f2979-b60e-4d44-b67d-648b8cbc5dfc.jpg%3Fv%3D1761643508&feedId=111395&k=686f0edd21749cdd9724ff3094319fc12ae2d91d,USD,,,https://21c525-b8.myshopify.com/products/womenvintagelinenlongtrouserscasualelasticpants?variant=12143998435646,,,USD21.99,111395,Seldom Seen Styles,1,,,,,,Womens,Trousers & Legwear
https://www.awin1.com/pclick.php?p=43794316766&a=2771700&m=120726,Drawstring Casual Strappy Trousers,43794316766,127204770,https://cdn.shopify.com/s/files/1/0885/0073/2222/files/jpg_cb06ba8a-1840-44a3-bc32-b1cdcf862324.jpg?v=1761709629,"SPU:   YSHHP246291        Style:   casual       Color:   Army green, white, apricot       Season:   spring       detail:   Drawstring        Length:   long        Material: cotton       Size:   S/M/L/XL/2XL/3XL/4XL/5XL            Size Chart：  pants length Hips Waist   CM inch CM inch CM inch   S 102 40.2 100",,26.99,Seldom Seen Styles,120726,,,https://images2.productserve.com/?w=200&h=200&bg=white&trim=5&t=letterbox&url=ssl%3Acdn.shopify.com%2Fs%2Ffiles%2F1%2F0885%2F0073%2F2222%2Ffiles%2Fjpg_cb06ba8a-1840-44a3-bc32-b1cdcf862324.jpg%3Fv%3D1761709629&feedId=111395&k=c67c2a3c6a276c51ec443762bba257e6d6f268db,USD,,,https://21c525-b8.myshopify.com/products/drawstring-casual-strappy-trousers?variant=12144281125182,,,USD26.99,111395,Seldom Seen Styles,1,,,,,,Womens,Trousers & Legwear
https://www.awin1.com/pclick.php?p=43786594608&a=2771700&m=120726,Women's Linen Back Cut-Out Shirt And Trousers Two-Piece Set,43786594608,127205804,https://cdn.shopify.com/s/files/1/0885/0073/2222/files/jpg_478c19a1-ed50-44fc-b45d-cd85e2e394bb.jpg?v=1761709659,"SPU:   YSLJP240617010       Style:   Casual       Neckline:   Shirt Collar       Season:   Spring/Summer       Length:   Regular       Material:   Linen       Size:   S/M/L/XL/2XL/3XL/4XL/5XL                         Size Chart：    Length   Bust   pants length   Hips   Waist       CM   inch   CM   inch   CM   inch   CM   inch   CM   inch       S   135   53.1    102   40.2    98   38.6    100   39.4    68   26.8        M   136   53.5    107   42.1    99   39.0    105   41.3    73   28.7        L   137   53.9    112   44.1    100   39.4    110   43.3    78   30.7        XL   138   54.3    117   46.1    101   39.8    115   45.3    83   32.7        2XL   139   54.7    122   48.0    102   40.2    120   47.2    88   34.6        3XL   140   55.1    127   50.0    103   40.6    125   49.2    93   36.6        4XL   141   55.5    132   52.0    104   40.9    130   51.2    98   38.6        5XL   142   55.9    137   53.9    105   41.3    135   53.1    103   40.6     This data was obtained from manually measuring the product, it may be off by 1-2 CM.",,36.99,Seldom Seen Styles,120726,,,https://images2.productserve.com/?w=200&h=200&bg=white&trim=5&t=letterbox&url=ssl%3Acdn.shopify.com%2Fs%2Ffiles%2F1%2F0885%2F0073%2F2222%2Ffiles%2Fjpg_478c19a1-ed50-44fc-b45d-cd85e2e394bb.jpg%3Fv%3D1761709659&feedId=111395&k=2252d0a255ff35e8283a62ce5a3f9b6ba0380890,USD,,,https://21c525-b8.myshopify.com/products/womens-linen-back-cut-out-shirt-and-trousers-two-piece-set-2?variant=12144281452862,,,USD36.99,111395,Seldom Seen Styles,1,,,,,,Womens,Trousers & Legwear
https://www.awin1.com/pclick.php?p=43794316769&a=2771700&m=120726,Women's Irregular Design Casual Trousers,43794316769,127207971,https://cdn.shopify.com/s/files/1/0885/0073/2222/files/jpg_d08be04d-74a1-405e-a260-3e307ed1c351.jpg?v=1761710189,"SPU:   YSHHP240905106        Style: casual       Season:   autumn       Material:   cotton ,blended       Size:   S/M/L/XL/2XL/3Xl                 Size Chart：    pants length   Hips   Waist       CM   inch   CM   inch   CM   inch       S   100   39.4    110   43.3    68   26.8        M   101   39.8    115   45.3    73   28.7        L   102   40.2    120   47.2    78   30.7        XL   103   40.6    125   49.2    83   32.7        2XL   104   40.9    130   51.2    88   34.6        3XL   105   41.3    135   53.1    93   36.6     This data was obtained from manually measuring the product, it may be off by 1-2 CM.",,26.99,Seldom Seen Styles,120726,,,https://images2.productserve.com/?w=200&h=200&bg=white&trim=5&t=letterbox&url=ssl%3Acdn.shopify.com%2Fs%2Ffiles%2F1%2F0885%2F0073%2F2222%2Ffiles%2Fjpg_d08be04d-74a1-405e-a260-3e307ed1c351.jpg%3Fv%3D1761710189&feedId=111395&k=8497c867c814cfca6b9ab1adf4419b32da7daea4,USD,,,https://21c525-b8.myshopify.com/products/womens-irregular-design-casual-trousers?variant=12144284074302,,,USD26.99,111395,Seldom Seen Styles,1,,,,,,Womens,Trousers & Legwear
https://www.awin1.com/pclick.php?p=43794316874&a=2771700&m=120726,Women's Sequined Trousers,43794316874,127209236,https://cdn.shopify.com/s/files/1/0885/0073/2222/files/jpg.jpg?v=1761710276,"SPU:  YSHHP241101648    Style:  Casual    Season: Autumn/Winter   Material: cotton ,blended   Size: S/M/L/XL/2XL/3XL   Body Measurements Size：          Body Measurements       Size Chart：   US   UK   EU   Bust   Waist   Hips       CM   inch   CM   inch   CM   inch       S   6 - 8   10 - 12   38 - 40   90   35.4   68   26.8   98   38.6       M   10   14   42   95   37.4   73   28.7   103   40.6       L   12   16   44   100   39.4   78   30.7   108   42.5       XL   14   18   46   105   41.3   83   32.7   113   44.5       2XL   16   20   48   110   43.3   88   34.6   118   46.5       3XL   18   22   50   115   45.3   93   36.6   123   48.4       *Depending on your body type and dressing habits, the above sizesare for reference only.    Pants size:",,33.99,Seldom Seen Styles,120726,,,https://images2.productserve.com/?w=200&h=200&bg=white&trim=5&t=letterbox&url=ssl%3Acdn.shopify.com%2Fs%2Ffiles%2F1%2F0885%2F0073%2F2222%2Ffiles%2Fjpg.jpg%3Fv%3D1761710276&feedId=111395&k=03cc70ce547aaaf6e05ec318018a0956b7b93f22,USD,,,https://21c525-b8.myshopify.com/products/womens-sequined-trousers?variant=12144285352254,,,USD33.99,111395,Seldom Seen Styles,1,,,,,,Womens,Trousers & Legwear
https://www.awin1.com/pclick.php?p=43794316844&a=2771700&m=120726,Casual Lapel Long Top and Trousers Two-piece Suit,43794316844,127209457,https://cdn.shopify.com/s/files/1/0885/0073/2222/files/jpg_e67f2da9-19d1-427a-a0bf-72685950fb94.jpg?v=1761710286,SPU:   YSHHP243534       Style:   casual       Color: apricot        Season:   spring/summer       Neckline: Lapel        Sleeve Length:   Midi sleeve       Material:   Cotton and linen        Size:   S/M/L/XL/2XL/3XL/4XL/5XL    shirt's size:             Size Chart：    Length   Sleeve Length   Bust       CM   inch   CM   inch   CM   inch       S   133   52.4    27   10.8    102   40.2        M   134   52.8    28   11.2    107   42.1        L   135   53.1    29   11.4    112   44.1        XL   136   53.5    30   11.8    117   46.1        2XL   137   53.9    31   12.2    122   48.0        3XL   138   54.3    32   12.6    127   50.0        4XL   139   54.7    33   13.0    132   52.0        5XL   140   55.1    34   13.4    137   53.9     Pants size:             Size Chart：    pants length   Hips   Waist       CM   inch   CM   inch   CM   inch       S   105   41.3    100   39.4    68   26.8        M   106   41.7    105   41.3    73   28.7        L   107,,38.99,Seldom Seen Styles,120726,,,https://images2.productserve.com/?w=200&h=200&bg=white&trim=5&t=letterbox&url=ssl%3Acdn.shopify.com%2Fs%2Ffiles%2F1%2F0885%2F0073%2F2222%2Ffiles%2Fjpg_e67f2da9-19d1-427a-a0bf-72685950fb94.jpg%3Fv%3D1761710286&feedId=111395&k=fdd89e6b10d4cc957b3abed52597d7bf5bed8bd2,USD,,,https://21c525-b8.myshopify.com/products/casual-lapel-long-top-and-trousers-two-piece-suit?variant=12144285516094,,,USD38.99,111395,Seldom Seen Styles,1,,,,,,Womens,Trousers & Legwear
https://www.awin1.com/pclick.php?p=43794316839&a=2771700&m=120726,Women's Elegant And Fashionable Diamond Denim Trousers,43794316839,127209621,https://cdn.shopify.com/s/files/1/0885/0073/2222/files/jpg_3966a1a2-b04d-4380-85ae-942588caa02d.jpg?v=1761710295,SPU: YSJX241203001   Style: Elegant   Pattern Type: Plain   Season: All seasons   Length: Routine   Material: Cotton Blend   Body Measurements:              Body Measurements  Size Chart： US UK EU Bust Waist Hips   CM inch,,34.99,Seldom Seen Styles,120726,,,https://images2.productserve.com/?w=200&h=200&bg=white&trim=5&t=letterbox&url=ssl%3Acdn.shopify.com%2Fs%2Ffiles%2F1%2F0885%2F0073%2F2222%2Ffiles%2Fjpg_3966a1a2-b04d-4380-85ae-942588caa02d.jpg%3Fv%3D1761710295&feedId=111395&k=86f12eff7642712154de502b932084c2204a1c62,USD,,,https://21c525-b8.myshopify.com/products/womens-elegant-and-fashionable-diamond-denim-trousers?variant=12144285679934,,,USD34.99,111395,Seldom Seen Styles,1,,,,,,Womens,Trousers & Legwear
https://www.awin1.com/pclick.php?p=43794316833&a=2771700&m=120726,Fashion Casual Women's Loose Wide-leg Pants Mid-low Waist Washed Denim Trousers,43794316833,127209832,https://cdn.shopify.com/s/files/1/0885/0073/2222/files/jpg_fb329ab2-b9b8-446a-9a28-d0aa7eff7408.jpg?v=1761710305,SPU:  XHXSQ241223325    Style: Casual   Pattern Type: Plain   Season: All season   Length: Long   Material: Blended    Body Measurements:              Body Measurements  Size Chart： US UK EU Bust Waist Hips   CM inch CM inch CM inch   XS 4 8,,39.99,Seldom Seen Styles,120726,,,https://images2.productserve.com/?w=200&h=200&bg=white&trim=5&t=letterbox&url=ssl%3Acdn.shopify.com%2Fs%2Ffiles%2F1%2F0885%2F0073%2F2222%2Ffiles%2Fjpg_fb329ab2-b9b8-446a-9a28-d0aa7eff7408.jpg%3Fv%3D1761710305&feedId=111395&k=58c11a9450bd60980ac1e892dac21c411fe7cdd5,USD,,,https://21c525-b8.myshopify.com/products/fashion-casual-womens-loose-wide-leg-pants-mid-low-waist-washed-denim-trousers?variant=12144285811006,,,USD39.99,111395,Seldom Seen Styles,1,,,,,,Womens,Trousers & Legwear
https://www.awin1.com/pclick.php?p=43794316885&a=2771700&m=120726,Women's High Waist Slim Wide Leg Pants Loose Mopping Pants Denim Trousers,43794316885,127209955,https://cdn.shopify.com/s/files/1/0885/0073/2222/files/jpg_591f530f-6122-4360-bbd1-cf8886b5a591.jpg?v=1761710312,SPU:  XHXSQ241223330    Style: Casual   Pattern Type: Plain   Season: All season   Length: Long   Material: Blended    Body Measurements:              Body Measurements  Size Chart： US UK EU Bust Waist Hips   CM inch CM inch CM inch   XS 4 8,,36.99,Seldom Seen Styles,120726,,,https://images2.productserve.com/?w=200&h=200&bg=white&trim=5&t=letterbox&url=ssl%3Acdn.shopify.com%2Fs%2Ffiles%2F1%2F0885%2F0073%2F2222%2Ffiles%2Fjpg_591f530f-6122-4360-bbd1-cf8886b5a591.jpg%3Fv%3D1761710312&feedId=111395&k=c8f15377aa0b6893e9f2cdb22b54db1942e2373a,USD,,,https://21c525-b8.myshopify.com/products/womens-high-waist-slim-wide-leg-pants-loose-mopping-pants-denim-trousers?variant=12144285909310,,,USD36.99,111395,Seldom Seen Styles,1,,,,,,Womens,Trousers & Legwear
https://www.awin1.com/pclick.php?p=43794316909&a=2771700&m=120726,Women's Round Neck Sleeveless Top + Trousers Set,43794316909,127212924,https://cdn.shopify.com/s/files/1/0885/0073/2222/files/174799680662559400668.jpg?v=1761711998,SPU: YA680946    Style: Casual   Season:: Spring/Summer   Material: Blended   Size: XS/S/M/L/XL/2XL/3XL   Tops Size:          Size Length Bust   CM inch CM inch   XS 60 23.6 88 34.6   S,,39.99,Seldom Seen Styles,120726,,,https://images2.productserve.com/?w=200&h=200&bg=white&trim=5&t=letterbox&url=ssl%3Acdn.shopify.com%2Fs%2Ffiles%2F1%2F0885%2F0073%2F2222%2Ffiles%2F174799680662559400668.jpg%3Fv%3D1761711998&feedId=111395&k=191f9849ef7d55ab5bae9d17ee758d7c87478e99,USD,,,https://21c525-b8.myshopify.com/products/womens-round-neck-sleeveless-top-trousers-set?variant=12144290005310,,,USD39.99,111395,Seldom Seen Styles,1,,,,,,Womens,Trousers & Legwear
https://www.awin1.com/pclick.php?p=43794316891&a=2771700&m=120726,Women's Cotton and Linen Double Pocket Casual Trousers,43794316891,127212973,https://cdn.shopify.com/s/files/1/0885/0073/2222/files/174583311496508400382.jpg?v=1761712005,"SPU:  YA680205    Style: Casual   Season:: Spring/Summer   Material: Cotton ,Blended   Size: XS/S/M/L/XL/2XL/3XL    Pants Size:             Size Waist Hips Length   CM inch CM inch CM inch   XS",,27.99,Seldom Seen Styles,120726,,,https://images2.productserve.com/?w=200&h=200&bg=white&trim=5&t=letterbox&url=ssl%3Acdn.shopify.com%2Fs%2Ffiles%2F1%2F0885%2F0073%2F2222%2Ffiles%2F174583311496508400382.jpg%3Fv%3D1761712005&feedId=111395&k=e6a21596ad85e20b5956854b1898c289a5bf42e1,USD,,,https://21c525-b8.myshopify.com/products/womens-cotton-and-linen-double-pocket-casual-trousers?variant=12144290103614,,,USD27.99,111395,Seldom Seen Styles,1,,,,,,Womens,Trousers & Legwear
https://www.awin1.com/pclick.php?p=43794316943&a=2771700&m=120726,Women's V-neck Top + Printed Trousers Casual Suit,43794316943,127214333,https://cdn.shopify.com/s/files/1/0885/0073/2222/files/174678560985724500252.jpg?v=1761712070,"SPU: YA690400   Style: Casual   Season: Spring/Summer   Material: Cotton,Blended   Size: XS/S/M/L/XL/2Xl/3XL     Tops Size：             Size Length Bust Sleeve Length   CM inch CM inch CM inch   XS",,39.99,Seldom Seen Styles,120726,,,https://images2.productserve.com/?w=200&h=200&bg=white&trim=5&t=letterbox&url=ssl%3Acdn.shopify.com%2Fs%2Ffiles%2F1%2F0885%2F0073%2F2222%2Ffiles%2F174678560985724500252.jpg%3Fv%3D1761712070&feedId=111395&k=cba2c80597f28d32737e0c801617068d3efde7be,USD,,,https://21c525-b8.myshopify.com/products/womens-v-neck-top-printed-trousers-casual-suit?variant=12144290922814,,,USD39.99,111395,Seldom Seen Styles,1,,,,,,Womens,Trousers & Legwear
https://www.awin1.com/pclick.php?p=43794316957&a=2771700&m=120726,Women's Round Neck Zipper Sequin Top + Trousers Casual Suit,43794316957,127218311,https://cdn.shopify.com/s/files/1/0885/0073/2222/files/jpg_78f44def-2382-4b8f-8cd0-30a831decd76.jpg?v=1761712738,"SPU: YSHHP241205147   Style:  Casual    Season: Autumn/Winter   Material: cotton ,blended   Size: S/M/L/XL/2XL/3XL     Tops Size：             Size Length Bust Sleeve Length   CM inch CM inch CM inch   S 62 24.4 97 38.2 60 23.6   M 63 24.8 102",,45.99,Seldom Seen Styles,120726,,,https://images2.productserve.com/?w=200&h=200&bg=white&trim=5&t=letterbox&url=ssl%3Acdn.shopify.com%2Fs%2Ffiles%2F1%2F0885%2F0073%2F2222%2Ffiles%2Fjpg_78f44def-2382-4b8f-8cd0-30a831decd76.jpg%3Fv%3D1761712738&feedId=111395&k=706d451ad7fd62da6f07df79ddb56e48c8c31dcf,USD,,,https://21c525-b8.myshopify.com/products/womens-round-neck-zipper-sequin-top-trousers-casual-suit?variant=12144298721598,,,USD45.99,111395,Seldom Seen Styles,1,,,,,,Womens,Trousers & Legwear
https://www.awin1.com/pclick.php?p=43786595495&a=2771700&m=120726,Women's 2025 Wide Leg Jeans Distress Mid Waist Denim Pants Vintage Y2K Trousers,43786595495,127223710,https://cdn.shopify.com/s/files/1/0885/0073/2222/files/6a38ddad-05b4-4503-aa0e-65a6c2fbc342.jpg?v=1762409853,Women's Casual Jean Sdistressed Denim Jeans,,28.21,Seldom Seen Styles,120726,,,https://images2.productserve.com/?w=200&h=200&bg=white&trim=5&t=letterbox&url=ssl%3Acdn.shopify.com%2Fs%2Ffiles%2F1%2F0885%2F0073%2F2222%2Ffiles%2F6a38ddad-05b4-4503-aa0e-65a6c2fbc342.jpg%3Fv%3D1762409853&feedId=111395&k=a8b96cfc22fa9a319c923cbf223d6b1fb979152b,USD,,,https://21c525-b8.myshopify.com/products/womens-2025-wide-leg-jeans-distress-mid-waist-denim-pants-vintage-y2k-trousers?variant=12157638279486,,,USD28.21,111395,Seldom Seen Styles,1,,,,,,Womens,Trousers & Legwear
https://www.awin1.com/pclick.php?p=43794317264&a=2771700&m=120726,"Women's Solid Zip Up Crop Jacket & Drawstring Waist Pants Two-piece Set, Casual Fashion Drop Shoulder Long Sleeve Top & High Waist Trousers Womenswear Suits for Outdoor Wear, Women's Clothing for Spring & Fall 90s Clothes",43794317264,127225472,https://cdn.shopify.com/s/files/1/0885/0073/2222/files/c007d411-15fb-4dc1-9e8a-7eb64a5c6647.jpg?v=1762410553,size           Real Shot,,44.21,Seldom Seen Styles,120726,,,https://images2.productserve.com/?w=200&h=200&bg=white&trim=5&t=letterbox&url=ssl%3Acdn.shopify.com%2Fs%2Ffiles%2F1%2F0885%2F0073%2F2222%2Ffiles%2Fc007d411-15fb-4dc1-9e8a-7eb64a5c6647.jpg%3Fv%3D1762410553&feedId=111395&k=c79bc0256f9524a8a6a0c8d7d0a7f3accc352d5e,USD,,,https://21c525-b8.myshopify.com/products/sporty-two-piece-set-womens-plain-mock-neck-zip-up-jacket-pocket-drawstring-waist-sweatpants-sports-sweat-suit-sports-cozy-breathable-outfits-tracksuits-for-daily-outdoor-wear-tracksuit-set-ladies-sportswear-for-all-seasons?variant=12157644931390,,,USD44.21,111395,Seldom Seen Styles,1,,,,,,Womens,Trousers & Legwear
https://www.awin1.com/pclick.php?p=43794317282&a=2771700&m=120726,"Women's Basic Minimalist Plain Button Front Pocket Cargo Pants, Fashion Y2K Clothes Women, Comfort Casual Street High Waist Wide Leg Trousers For Spring & Fall, Summer Pants, Ladies' Bottoms For Daily Wear, Womenswear, Preppy 80s Clothes",43794317282,127229544,https://cdn.shopify.com/s/files/1/0885/0073/2222/files/ceae8b97-00cf-4b28-a27a-26697bb8cd92.jpg?v=1762996418,"  Elevate your everyday wardrobe with these versatile cargo pants, designed for effortless style across seasons. Featuring a high-waisted silhouette and wide-leg cut, they deliver both comfort and contemporary appeal. The button-front closure and functional pockets provide practical details that complement the minimalist aesthetic. Perfect for layering through spring and fall or wearing solo during warmer months, these trousers transition seamlessly from casual street wear to relaxed daily occasions. The structured fabric maintains its shape while allowing freedom of movement, making them an essential addition to any modern closet seeking timeless, unpretentious pieces.   ",,26,Seldom Seen Styles,120726,,,https://images2.productserve.com/?w=200&h=200&bg=white&trim=5&t=letterbox&url=ssl%3Acdn.shopify.com%2Fs%2Ffiles%2F1%2F0885%2F0073%2F2222%2Ffiles%2Fceae8b97-00cf-4b28-a27a-26697bb8cd92.jpg%3Fv%3D1762996418&feedId=111395&k=74f4167ee473c212d0d24bc5e43b265cf90f7b53,USD,,,https://21c525-b8.myshopify.com/products/womens-basic-minimalist-plain-button-front-pocket-cargo-pants-fashion-y2k-clothes-women-comfort-casual-street-high-waist-wide-leg-trousers-for-spring-fall-summer-pants-ladies-bottoms-for-daily-wear-womenswear-preppy-80s-clothes?variant=12168843067710,,,USD26.00,111395,Seldom Seen Styles,1,,,,,,Womens,Trousers & Legwear
https://www.awin1.com/pclick.php?p=43794317306&a=2771700&m=120726,"Women's Leisure Solid Color Sloping Shoulder Long Sleeve Top & Wide Leg Trousers Co-ord, Cozy Scoop Neck Loose Two Piece Outfits, Basic Womenswear",43794317306,127231063,https://cdn.shopify.com/s/files/1/0885/0073/2222/files/e07ac511-5d7d-4a1c-8357-40e7fde709e7.jpg?v=1763091403,"Women's Leisure Solid Color Sloping Shoulder Long Sleeve Top & Wide Leg Trousers Co-ord      Made from soft, solid-colored fabric, this set features a stylish sloping shoulder design and long sleeves, paired with matching trousers for an elegant appearance.   Material: 44% Cotton + 49% Polyester + 7% Elastane Style: Casual, Commuter Details: Long sleeves, Sloping shoulder, High waist, Side pockets, Soft and stretch fabric Fit: Loose fit, Wide leg fit Pattern: Plain Neckline: Sloping shoulder / Scoop neck Occasion: Leisure, Home, Work, Outdoor Care Instructions: Machine washable PLEASE NOTE: Actual Color May Vary Slightly from the Picture Due to Lighting Effects & Different Screen Display Setting   You can make a return and upload the return tracking number within 30 days of receipt of the products.Please note that items must be in new, unworn, unwashed, undamaged, and unaltered condition and have the original tags attached.   This size chart is a guide only.Please note every individual has unique fit needs.Order your regular size for a compression fit, if you want a looser fit, we recommend sizing up for the best experience.   If you have received a faulty/damaged/incorrect item, don't hesitate to contact our Customer Services Team, we'll reply within 24 hours and offer you a satisfactory solution.",,27.62,Seldom Seen Styles,120726,,,https://images2.productserve.com/?w=200&h=200&bg=white&trim=5&t=letterbox&url=ssl%3Acdn.shopify.com%2Fs%2Ffiles%2F1%2F0885%2F0073%2F2222%2Ffiles%2Fe07ac511-5d7d-4a1c-8357-40e7fde709e7.jpg%3Fv%3D1763091403&feedId=111395&k=367e9364bd07342836cc72c608495d5f8b4dda84,USD,,,https://21c525-b8.myshopify.com/products/katchme-womens-leisure-solid-color-sloping-shoulder-long-sleeve-top-wide-leg-trousers-co-ord-cozy-scoop-neck-loose-two-piece-outfits-basic-womenswear?variant=12169635266878,,,USD27.62,111395,Seldom Seen Styles,1,,,,,,Womens,Trousers & Legwear
https://www.awin1.com/pclick.php?p=43794317324&a=2771700&m=120726,Female leisure trousers with wide legs and drawstring,43794317324,127231727,https://cdn.shopify.com/s/files/1/0885/0073/2222/files/spp_shopify20251009154926_d568ef628b5110d8a71364ee37d92c1a_aa8f8769-ed3f-41c1-9e82-9335fcc51f00.jpg?v=1763177487,"SIZE CHART      CHARACTERISTICS  STYLISH AND UNDERSTANDED  Embrace effortless elegance with subtle vertical stripes and a solid color. This design exudes sophistication and is perfect for a relaxed yet elegant look, transforming everyday moments into stylish statements.    LEGS FOR DAYS  The wide-cut silhouette drapes gracefully and visually lengthens your legs without compromising comfort. Adjustable drawstrings allow you to find your perfect fit without sacrificing style.    SOFT AS A CLOUD  Made from breathable, highly elastic material, it feels comfortable against your skin all day long. Lightweight and airy, it adapts to your movements, so you feel unrestricted and relaxed with every step.    STYLE, ANYTIME, ANYWHERE  – Pair it with T-shirts for errands or silk blouses for brunch – the possibilities are endless. This versatile garment effortlessly transitions from home to the street, reflecting a relaxed yet elegant lifestyle.    SPEC  Color: White, Black, Grey, Khaki  Sizes: S, M, L, XL, 2XL  Main material: Polyester + Elastane  Package includes: 1 x Casual, soft women's wide-leg trousers with drawstring  NOTES  Please note that due to manual measurement, a deviation of 2–3 cm is possible. Please ensure you are comfortable with this before making your purchase.  The colors may not be displayed exactly as in reality due to variations between computer monitors.",,29,Seldom Seen Styles,120726,,,https://images2.productserve.com/?w=200&h=200&bg=white&trim=5&t=letterbox&url=ssl%3Acdn.shopify.com%2Fs%2Ffiles%2F1%2F0885%2F0073%2F2222%2Ffiles%2Fspp_shopify20251009154926_d568ef628b5110d8a71364ee37d92c1a_aa8f8769-ed3f-41c1-9e82-9335fcc51f00.jpg%3Fv%3D1763177487&feedId=111395&k=81fbacb76a803c369cb4848d5ea49cd514713e47,USD,,,https://21c525-b8.myshopify.com/products/womens-casual-soft-wide-leg-pants-with-drawstring?variant=12170575413566,,,USD29.00,111395,Seldom Seen Styles,1,,,,,,Womens,Trousers & Legwear
https://www.awin1.com/pclick.php?p=43794317487&a=2771700&m=120726,⏳Limited time 50% discount?Casual women's two-piece set: V-neck top and trousers,43794317487,127231900,https://cdn.shopify.com/s/files/1/0885/0073/2222/files/spp_20250722143021_31b8988b322fefbb1d86dbabe10ab9de_1be6fcea-4f87-4752-8683-a3b255e0906b.png?v=1763177509,"SIZE CHART    FEATURES  V-cut for cooling comfort The V-neck provides more skin contact and allows for better air circulation, keeping you fresh on warmer days. The subtle opening complements the relaxed style of the two-piece suit and ensures a breathable look that remains effortlessly stylish.    ADJUSTABLE WAIST WITH DRAWSTRING – A flexible drawstring allows you to quickly adjust the waist for a perfect fit that adapts to different body shapes. This secure design prevents slipping or sagging, ensuring the pants stay comfortably in place all day without digging into your waist.    CLEAR LINES, TIMELESS DESIGN With clean lines and a simple silhouette, this two-piece set offers an elegant yet relaxed look. The classic design remains neat without being too tight or too loose, making it a timeless choice you can wear season after season.    MADE FOR EVERYDAY LIFE Perfect for everyday activities like walks, commuting, or relaxed outings. This outfit combines comfort and style, ensuring you're always well-dressed, wherever you go.    SIMPLE CARE FOR BUSY DAYS Made from durable materials that only require regular washing to stay fresh, this two-piece set minimizes maintenance, so you can spend less time doing laundry and more time enjoying your day.    SPECIFICATIONS  Color: Brown, Black, Green  Sizes: S-3XL  Material: Polyester  Scope of delivery: 1× Casual women's two-piece set: V-neck top and trousers  NOTES  Please allow for a 2-3 cm error due to manual measurement. Please make sure you take this into account before purchasing.  The color may differ from the original due to differences between computer monitors.",,39.99,Seldom Seen Styles,120726,,,https://images2.productserve.com/?w=200&h=200&bg=white&trim=5&t=letterbox&url=ssl%3Acdn.shopify.com%2Fs%2Ffiles%2F1%2F0885%2F0073%2F2222%2Ffiles%2Fspp_20250722143021_31b8988b322fefbb1d86dbabe10ab9de_1be6fcea-4f87-4752-8683-a3b255e0906b.png%3Fv%3D1763177509&feedId=111395&k=57160437b0135cddaf4e9941536dbead0ca69a07,USD,,,https://21c525-b8.myshopify.com/products/womens-casual-v-neck-top-and-pants-set?variant=12170575806782,,,USD39.99,111395,Seldom Seen Styles,1,,,,,,Womens,Trousers & Legwear
https://www.awin1.com/pclick.php?p=43794317109&a=2771700&m=120726,Womens Elastic High Waisted Palazzo Pants Casual Wide Leg Long Lounge Pant Trousers with Pocket,43794317109,127234305,https://cdn.shopify.com/s/files/1/0885/0073/2222/files/Itrauktiantraste_4_-min_12c4345e-b706-4f3a-9e32-b5be24188575.png?v=1763952051,"Elevate your casual wardrobe with these versatile palazzo pants, designed for effortless comfort and contemporary style. Featuring a high-waisted elastic waistband that provides a flattering fit and secure hold, these wide-leg trousers offer generous room through the hips and thighs while maintaining a polished silhouette. The extended length creates an elegant drape, perfect for lounging at home or stepping out for relaxed social occasions. Practical side pockets add functional appeal, eliminating the need to carry a bag for everyday essentials. Crafted for all-day wearability, these pants seamlessly transition from weekend relaxation to casual outings, making them an indispensable addition to any modern woman's collection.",,25,Seldom Seen Styles,120726,,,https://images2.productserve.com/?w=200&h=200&bg=white&trim=5&t=letterbox&url=ssl%3Acdn.shopify.com%2Fs%2Ffiles%2F1%2F0885%2F0073%2F2222%2Ffiles%2FItrauktiantraste_4_-min_12c4345e-b706-4f3a-9e32-b5be24188575.png%3Fv%3D1763952051&feedId=111395&k=82f8b21e01d96dd26b695c0ff44c41a2813b20fc,USD,,,https://21c525-b8.myshopify.com/products/alexandra-elegantne-rucne-site-nohavice?variant=12176281076030,,,USD25.00,111395,Seldom Seen Styles,1,,,,,,Womens,Trousers & Legwear
https://www.awin1.com/pclick.php?p=43855688862&a=2771700&m=120726,ZAELIA TROUSERS,43855688862,128027282,https://cdn.shopify.com/s/files/1/0885/0073/2222/files/O1CN01JbKjZz2KD88tlWxvZ__2212475629522-0-cib.jpg?v=1765851684,"  ZAELIA TROUSERS Crafted for the discerning wearer, these trousers exemplify refined tailoring and understated elegance. The ZAELIA design features a sophisticated silhouette that transitions seamlessly from professional settings to elevated casual occasions. Premium fabric construction ensures durability and maintains its shape through repeated wear, while the thoughtful cut provides both comfort and a polished appearance. A versatile wardrobe essential that rewards investment with timeless style and reliable performance.    ",,37,Seldom Seen Styles,120726,,,https://images2.productserve.com/?w=200&h=200&bg=white&trim=5&t=letterbox&url=ssl%3Acdn.shopify.com%2Fs%2Ffiles%2F1%2F0885%2F0073%2F2222%2Ffiles%2FO1CN01JbKjZz2KD88tlWxvZ__2212475629522-0-cib.jpg%3Fv%3D1765851684&feedId=111395&k=acd5d0f6a15a6da366f7d61e4989b3d9ac6a21c8,USD,,,https://21c525-b8.myshopify.com/products/zaelia-trousers?variant=12210123079998,,,USD37.00,111395,Seldom Seen Styles,1,,,,,,Womens,Trousers & Legwear
https://www.awin1.com/pclick.php?p=44244504243&a=2771700&m=120726,"Women's Leopard Print Bow Decor Wide Leg Pants, Casual Comfy Trousers for Daily Wear, Ladies Bottoms for Fall & Winter",44244504243,130579632,https://cdn.shopify.com/s/files/1/0885/0073/2222/files/2abc29c6-6122-43c7-857f-29c117d23bfb.jpg?v=1756276407,"Designed for ultimate comfort, these women's fuzzy plush pajama pants feature a soft teddy fabric that keeps you cozy during cooler nights. The elastic waistband with an adjustable drawstring ensures a perfect fit, while the wide-leg cut offers relaxed freedom of movement. Ideal for lounging or sleeping, these pants combine warmth with a stylish silhouette, making them a versatile addition to your sleepwear collection.    ",,37.57,Seldom Seen Styles,120726,,,https://images2.productserve.com/?w=200&h=200&bg=white&trim=5&t=letterbox&url=ssl%3Acdn.shopify.com%2Fs%2Ffiles%2F1%2F0885%2F0073%2F2222%2Ffiles%2F2abc29c6-6122-43c7-857f-29c117d23bfb.jpg%3Fv%3D1756276407&feedId=111395&k=dd9fbdf104a95012a5d61c18afd4168ac9fc7009,USD,,,https://21c525-b8.myshopify.com/products/womens-leopard-print-bow-decor-wide-leg-pants-casual-comfy-trousers-for-daily-wear-ladies-bottoms-for-fall-winter?variant=12015595389246,,,USD37.57,111395,Seldom Seen Styles,1,,,,,,Womens,Trousers & Legwear
https://www.awin1.com/pclick.php?p=44244509816&a=2771700&m=120726,Girl's Elastic Waist Trousers Loose Straight Leg Flap Pocket Cargo Pants,44244509816,130580199,https://cdn.shopify.com/s/files/1/0885/0073/2222/files/2a68385a-37f3-4989-8e89-d8ca75088309.jpg?v=1756353247,"These girls' trousers combine comfort and practicality with their elastic waistband and loose straight-leg design, allowing ease of movement throughout the day. Crafted with convenient flap pockets, they offer secure storage while maintaining a clean, structured look. Ideal for casual wear or active play, these cargo pants balance functional details with a relaxed fit suited for everyday versatility.   ",,37.9,Seldom Seen Styles,120726,,,https://images2.productserve.com/?w=200&h=200&bg=white&trim=5&t=letterbox&url=ssl%3Acdn.shopify.com%2Fs%2Ffiles%2F1%2F0885%2F0073%2F2222%2Ffiles%2F2a68385a-37f3-4989-8e89-d8ca75088309.jpg%3Fv%3D1756353247&feedId=111395&k=ccfb3e52c035ea9c2793ec072caa671ce86fac6c,USD,,,https://21c525-b8.myshopify.com/products/girls-elastic-waist-trousers-loose-straight-leg-flap-pocket-cargo-pants?variant=12017424433470,,,USD37.90,111395,Seldom Seen Styles,1,,,,,,Womens,Trousers & Legwear
https://www.awin1.com/pclick.php?p=44244504406&a=2771700&m=120726,Women Cargo Pants Wide Leg Casual Baggy Parachute Pants Multi Pockets Y2K Straight Trousers,44244504406,130580377,https://cdn.shopify.com/s/files/1/0885/0073/2222/files/75bd9fd3-c09a-4297-b436-d96cbcd1d6fd_37d5d3dc-7dae-4a85-825d-0af19cdabf1f.jpg?v=1756353408,"These women's cargo pants feature a wide-leg, baggy silhouette inspired by Y2K fashion, offering both comfort and a laid-back style. Crafted with multiple pockets, they provide practical storage options ideal for an active lifestyle. The parachute-style straight trousers combine casual ease with functional design, making them versatile for everyday wear or streetwear looks.                   【Model Special Picture    【Military Green】                        【Real Shot】 Picture                                        【Leopard Print】                       【Khaki Color】                        【Grey】                      【Black】",,41.82,Seldom Seen Styles,120726,,,https://images2.productserve.com/?w=200&h=200&bg=white&trim=5&t=letterbox&url=ssl%3Acdn.shopify.com%2Fs%2Ffiles%2F1%2F0885%2F0073%2F2222%2Ffiles%2F75bd9fd3-c09a-4297-b436-d96cbcd1d6fd_37d5d3dc-7dae-4a85-825d-0af19cdabf1f.jpg%3Fv%3D1756353408&feedId=111395&k=130eb88a7907afca2c1864e78f8d885767fb8bb7,USD,,,https://21c525-b8.myshopify.com/products/women-cargo-pants-wide-leg-casual-baggy-parachute-pants-multi-pockets-y2k-straight-trousers?variant=12017424695614,,,USD41.82,111395,Seldom Seen Styles,1,,,,,,Womens,Trousers & Legwear
https://www.awin1.com/pclick.php?p=44244503826&a=2771700&m=120726,Women Wide Leg Pants High Waisted Trousers Linen Palazzo Lounge Beach Cover Ups Flowy Pants,44244503826,130580407,https://cdn.shopify.com/s/files/1/0885/0073/2222/files/5459b9f9-6767-4ea3-9b5a-7daa20c0abfb.jpg?v=1756353436,"These women’s wide-leg trousers combine a high waist design with breathable linen fabric for effortless comfort and style. The palazzo cut offers a flowy silhouette ideal for lounging, beach cover-ups, or casual outings. Their lightweight, airy construction ensures ease of movement while maintaining a polished look suitable for various occasions. Perfect for those seeking versatile pants that blend relaxation with sophisticated appeal.",,36.79,Seldom Seen Styles,120726,,,https://images2.productserve.com/?w=200&h=200&bg=white&trim=5&t=letterbox&url=ssl%3Acdn.shopify.com%2Fs%2Ffiles%2F1%2F0885%2F0073%2F2222%2Ffiles%2F5459b9f9-6767-4ea3-9b5a-7daa20c0abfb.jpg%3Fv%3D1756353436&feedId=111395&k=b1880588fabc7b525e164e1c6364d65bf41cc11b,USD,,,https://21c525-b8.myshopify.com/products/women-wide-leg-pants-high-waisted-trousers-linen-palazzo-lounge-beach-cover-ups-flowy-pants?variant=12017424793918,,,USD36.79,111395,Seldom Seen Styles,1,,,,,,Womens,Trousers & Legwear
https://www.awin1.com/pclick.php?p=44244504297&a=2771700&m=120726,Womens Linen Plus Size High Elastic Waist Harem Pants Comfy Casual Loose Baggy Solid Pants Trousers with Pockets,44244504297,130580452,https://cdn.shopify.com/s/files/1/0885/0073/2222/files/8cc4aa01-c931-4e68-8857-b9707b33adc8.jpg?v=1756353481,"These women's linen harem pants offer a comfortable, relaxed fit with a high elastic waistband that adapts to plus sizes effortlessly. Crafted from breathable linen, they provide lightweight comfort ideal for casual wear. The loose, baggy design allows ease of movement while maintaining a stylish silhouette. Functional side pockets add practicality, making these solid-colored trousers perfect for everyday versatility.    Size Waist hip length   S 66 110 95   M 70 114 96   L 74 118 97   XL 78 122 98   XXL 82 126 99   XXXL 86 130 100   XXXXL 90 134 101   XXXXXL 94 138 102         ",,38.46,Seldom Seen Styles,120726,,,https://images2.productserve.com/?w=200&h=200&bg=white&trim=5&t=letterbox&url=ssl%3Acdn.shopify.com%2Fs%2Ffiles%2F1%2F0885%2F0073%2F2222%2Ffiles%2F8cc4aa01-c931-4e68-8857-b9707b33adc8.jpg%3Fv%3D1756353481&feedId=111395&k=61ea08a2df8c6d4fcb251d0d81436234e579f210,USD,,,https://21c525-b8.myshopify.com/products/womens-linen-plus-size-high-elastic-waist-harem-pants-comfy-casual-loose-baggy-solid-pants-trousers-with-pockets?variant=12017424826686,,,USD38.46,111395,Seldom Seen Styles,1,,,,,,Womens,Trousers & Legwear
https://www.awin1.com/pclick.php?p=44244509910&a=2771700&m=120726,Linen Pants Women Summer Elastic Waist Straight Leg Plus Size Crop Pants Casual Beach Trousers with Pockets,44244509910,130580589,https://cdn.shopify.com/s/files/1/0885/0073/2222/files/f61b82a8-f034-4a19-8b3f-fec8140b5d07.jpg?v=1756353621,"These linen pants offer a breathable and lightweight option for summer, designed with a comfortable elastic waist for easy wear. The straight-leg cut and cropped length provide a flattering silhouette, while plus-size sizing ensures an inclusive fit. Practical pockets add convenience, making these casual beach trousers ideal for relaxed outings or warm-weather days.   ",,40.28,Seldom Seen Styles,120726,,,https://images2.productserve.com/?w=200&h=200&bg=white&trim=5&t=letterbox&url=ssl%3Acdn.shopify.com%2Fs%2Ffiles%2F1%2F0885%2F0073%2F2222%2Ffiles%2Ff61b82a8-f034-4a19-8b3f-fec8140b5d07.jpg%3Fv%3D1756353621&feedId=111395&k=1e521024acc280623177cebe257e098eb07e5ff2,USD,,,https://21c525-b8.myshopify.com/products/linen-pants-women-summer-elastic-waist-straight-leg-plus-size-crop-pants-casual-beach-trousers-with-pockets?variant=12017425449278,,,USD40.28,111395,Seldom Seen Styles,1,,,,,,Womens,Trousers & Legwear
https://www.awin1.com/pclick.php?p=44244505125&a=2771700&m=120726,Wide Leg Pants for Women Elastic Waist Drawstring Palazzo Pants Lounge Pants with Pockets Loose Straight Leg Trousers,44244505125,130580796,https://cdn.shopify.com/s/files/1/0885/0073/2222/files/32866aaa-e439-4c51-97cd-0a8e82457b45.jpg?v=1756433014,"These wide-leg palazzo pants offer a perfect blend of comfort and style with an elastic waistband and adjustable drawstring for a customized fit. Designed with loose, straight legs and practical pockets, they provide ease of movement and everyday functionality. Ideal for lounging or casual outings, these trousers combine relaxed elegance with versatile wearability.",,39.12,Seldom Seen Styles,120726,,,https://images2.productserve.com/?w=200&h=200&bg=white&trim=5&t=letterbox&url=ssl%3Acdn.shopify.com%2Fs%2Ffiles%2F1%2F0885%2F0073%2F2222%2Ffiles%2F32866aaa-e439-4c51-97cd-0a8e82457b45.jpg%3Fv%3D1756433014&feedId=111395&k=fabbb522807fd14dba09b766dd902ff9d03ab24a,USD,,,https://21c525-b8.myshopify.com/products/wide-leg-pants-for-women-elastic-waist-drawstring-palazzo-pants-lounge-pants-with-pockets-loose-straight-leg-trousers?variant=12017817256254,,,USD39.12,111395,Seldom Seen Styles,1,,,,,,Womens,Trousers & Legwear
https://www.awin1.com/pclick.php?p=44244510416&a=2771700&m=120726,Womens Casual Wide Leg Pants Summer Fall Clothes Pleated Elastic Waist Loose Palazzo Knit Trousers with Pockets,44244510416,130581396,https://cdn.shopify.com/s/files/1/0885/0073/2222/files/32921697-6df4-47ba-b167-05d9d5401676.jpg?v=1756433529,"These women's wide-leg palazzo pants combine comfort and style with a pleated design and elastic waist for a perfect fit. Crafted from soft knit fabric, they offer breathable wear ideal for summer and fall. The loose silhouette enhances mobility, while convenient pockets add practical storage. Perfect for casual outings or relaxed workdays, these trousers deliver effortless elegance with functional ease.",,35.62,Seldom Seen Styles,120726,,,https://images2.productserve.com/?w=200&h=200&bg=white&trim=5&t=letterbox&url=ssl%3Acdn.shopify.com%2Fs%2Ffiles%2F1%2F0885%2F0073%2F2222%2Ffiles%2F32921697-6df4-47ba-b167-05d9d5401676.jpg%3Fv%3D1756433529&feedId=111395&k=9d92d292c5635ae0cfd20c6bbc4f697e99333102,USD,,,https://21c525-b8.myshopify.com/products/womens-casual-wide-leg-pants-summer-fall-clothes-pleated-elastic-waist-loose-palazzo-knit-trousers-with-pockets?variant=12017827742014,,,USD35.62,111395,Seldom Seen Styles,1,,,,,,Womens,Trousers & Legwear
https://www.awin1.com/pclick.php?p=44244509817&a=2771700&m=120726,Women's Wide Leg Pants Striped Elastic High Waisted Casual Knit Palazzo Pants Drawstring Lounge Pajama Trousers,44244509817,130581442,https://cdn.shopify.com/s/files/1/0885/0073/2222/files/becb716e-8dbc-4f5a-914a-3d0d940985dd.jpg?v=1756433666,"These Women's Wide Leg Pants combine comfort and style with a high-waisted design and elastic waistband for a secure, flattering fit. Crafted from soft knit fabric, they feature a striped pattern that adds subtle visual interest. The drawstring allows for adjustable waist sizing, making them ideal for casual wear, lounging, or as pajama trousers. Their roomy palazzo cut ensures freedom of movement while maintaining an elegant silhouette. Perfect for relaxed days when comfort is a priority without compromising on chic appeal.",,37.58,Seldom Seen Styles,120726,,,https://images2.productserve.com/?w=200&h=200&bg=white&trim=5&t=letterbox&url=ssl%3Acdn.shopify.com%2Fs%2Ffiles%2F1%2F0885%2F0073%2F2222%2Ffiles%2Fbecb716e-8dbc-4f5a-914a-3d0d940985dd.jpg%3Fv%3D1756433666&feedId=111395&k=ddf2cd17f979a7ac366e4b007854a3caa497d30d,USD,,,https://21c525-b8.myshopify.com/products/womens-wide-leg-pants-striped-elastic-high-waisted-casual-knit-palazzo-pants-drawstring-lounge-pajama-trousers?variant=12017830101310,,,USD37.58,111395,Seldom Seen Styles,1,,,,,,Womens,Trousers & Legwear
https://www.awin1.com/pclick.php?p=44244509851&a=2771700&m=120726,Women's Casual Lantern Tapered Harem Pants Loose Fit Style Flax Ankle Trousers Summer Baggy Slacks with Pocket,44244509851,130581502,https://cdn.shopify.com/s/files/1/0885/0073/2222/files/d6b57fbc-b0c6-4ae8-8ba0-a5ff3e597241.jpg?v=1756433803,"These women's casual lantern tapered harem pants feature a loose fit and ankle-length design crafted from breathable flax material, perfect for summer comfort. Their baggy silhouette allows ease of movement, while the convenient pocket adds practical functionality. Ideal for a relaxed yet stylish look, these trousers combine comfort with modern flair.     ",,33.37,Seldom Seen Styles,120726,,,https://images2.productserve.com/?w=200&h=200&bg=white&trim=5&t=letterbox&url=ssl%3Acdn.shopify.com%2Fs%2Ffiles%2F1%2F0885%2F0073%2F2222%2Ffiles%2Fd6b57fbc-b0c6-4ae8-8ba0-a5ff3e597241.jpg%3Fv%3D1756433803&feedId=111395&k=747828733c37fd24b1d26552ed4d1665ae41aec1,USD,,,https://21c525-b8.myshopify.com/products/womens-casual-lantern-tapered-harem-pants-loose-fit-style-flax-ankle-trousers-summer-baggy-slacks-with-pocket?variant=12017831346494,,,USD33.37,111395,Seldom Seen Styles,1,,,,,,Womens,Trousers & Legwear
https://www.awin1.com/pclick.php?p=44244504643&a=2771700&m=120726,Womens Cotton Linen Palazzo Pants Drawstring Elastic Waist Casual Wide Leg Trousers with Pockets,44244504643,130581824,https://cdn.shopify.com/s/files/1/0885/0073/2222/files/79955e89-9be2-4dc8-a5af-7c8d4c18e169.jpg?v=1756608552,"Crafted from breathable cotton-linen blend, these women's palazzo pants offer all-day comfort with a relaxed yet refined fit. The elastic waistband with a drawstring ensures a customizable, secure fit while the wide-leg design allows ease of movement. Equipped with practical pockets, these trousers seamlessly combine function with casual elegance, making them ideal for both laid-back and polished looks.",,37.72,Seldom Seen Styles,120726,,,https://images2.productserve.com/?w=200&h=200&bg=white&trim=5&t=letterbox&url=ssl%3Acdn.shopify.com%2Fs%2Ffiles%2F1%2F0885%2F0073%2F2222%2Ffiles%2F79955e89-9be2-4dc8-a5af-7c8d4c18e169.jpg%3Fv%3D1756608552&feedId=111395&k=96e0ed99584d2ed5f795ced744c16854576045bc,USD,,,https://21c525-b8.myshopify.com/products/womens-baggy-barrel-pants-wide-leg-lounge-drawstring-sweatpants-with-pockets?variant=12020168753470,,,USD37.72,111395,Seldom Seen Styles,1,,,,,,Womens,Trousers & Legwear
https://www.awin1.com/pclick.php?p=44244509824&a=2771700&m=120726,Women's Capri Pants Casual Summer Cotton Cropped Lounge Pants Trousers,44244509824,130581872,https://cdn.shopify.com/s/files/1/0885/0073/2222/files/1add9e7e-4da5-438d-8691-4223a35b647a.jpg?v=1756608623,"  These women's Capri pants offer a perfect blend of comfort and casual style for summer. Made from breathable cotton, they keep you cool while providing a soft, lightweight feel. The cropped length and relaxed fit make them ideal for lounging or running errands, ensuring ease of movement throughout the day. Durable and versatile, these trousers are a practical addition to any warm-weather wardrobe.        ",,34.91,Seldom Seen Styles,120726,,,https://images2.productserve.com/?w=200&h=200&bg=white&trim=5&t=letterbox&url=ssl%3Acdn.shopify.com%2Fs%2Ffiles%2F1%2F0885%2F0073%2F2222%2Ffiles%2F1add9e7e-4da5-438d-8691-4223a35b647a.jpg%3Fv%3D1756608623&feedId=111395&k=b17d1d219344085e1f1fb005ace48cfcb441ef23,USD,,,https://21c525-b8.myshopify.com/products/womens-capri-pants-casual-summer-cotton-cropped-lounge-pants-trousers?variant=12020168819006,,,USD34.91,111395,Seldom Seen Styles,1,,,,,,Womens,Trousers & Legwear
https://www.awin1.com/pclick.php?p=43679564242&a=2771700&m=120726,"Women's Fashion Pants with Elastic Waistband, Bow Tie Design, Sequins Detailing, Stylish Long Trousers for Casual Wear",43679564242,126274468,https://cdn.shopify.com/s/files/1/0885/0073/2222/files/O1CN01oZkkcL28km98wGzh2__2219467327971-0-cib.jpg?v=1766461417,"       Elevate your casual wardrobe with these versatile women's fashion pants, designed for effortless style and comfort. The elastic waistband ensures a secure, adjustable fit throughout the day, while the distinctive bow tie design at the waist adds a refined touch. Sequin detailing catches the light beautifully, transforming these long trousers from everyday basics into statement pieces. Perfect for casual outings, brunches, or relaxed social gatherings, they balance playful embellishment with wearable sophistication. The streamlined silhouette flatters various body types, making them a reliable choice for building a modern casual collection. SIZE UNIT:CM                                                                                         ",,49.9,Seldom Seen Styles,120726,,,https://images2.productserve.com/?w=200&h=200&bg=white&trim=5&t=letterbox&url=ssl%3Acdn.shopify.com%2Fs%2Ffiles%2F1%2F0885%2F0073%2F2222%2Ffiles%2FO1CN01oZkkcL28km98wGzh2__2219467327971-0-cib.jpg%3Fv%3D1766461417&feedId=111395&k=d03fdda5590503c7be36a9e4622aaaa01f513f73,USD,,,https://21c525-b8.myshopify.com/products/womens-fashion-pants-with-elastic-waistband-bow-tie-design-sequins-detailing-stylish-long-trousers-for-casual-wear?variant=12216946590014,,,USD49.90,111395,Seldom Seen Styles,1,,,,,,Womens,Trousers & Legwear
https://www.awin1.com/pclick.php?p=43679565333&a=2771700&m=120726,Vintage brown velvet hoodie and loose-fitting trousers set（Includes belt）,43679565333,126281091,https://cdn.shopify.com/s/files/1/0885/0073/2222/files/a21242600be565c3ed0d93c1697d0030.jpg?v=1767525316,"Key Features: 1.Material: Made from high-quality velvet, offering a silky-smooth texture and a gentle touch on the skin.2.Design: Hood and side pockets.3.Fit: Comfortable Fit,the loose-fitting pants provide ease of movement, while the hoodie offers a cozy feel.4.Occasion: Suitable for daily activities, from work to weekend getaways5.Care instructions: Wash in cold water, air dry, iron on low heat when necessary Size chart：",,59,Seldom Seen Styles,120726,,,https://images2.productserve.com/?w=200&h=200&bg=white&trim=5&t=letterbox&url=ssl%3Acdn.shopify.com%2Fs%2Ffiles%2F1%2F0885%2F0073%2F2222%2Ffiles%2Fa21242600be565c3ed0d93c1697d0030.jpg%3Fv%3D1767525316&feedId=111395&k=1172417c1f08e198d65fc744154bfff35361a41e,USD,,,https://21c525-b8.myshopify.com/products/vintage-brown-velvet-hoodie-and-loose-fitting-trousers-set-includes-belt?variant=12224740000062,,,USD59.00,111395,Seldom Seen Styles,1,,,,,,Womens,Trousers & Legwear
https://www.awin1.com/pclick.php?p=43701597829&a=2771700&m=120726,Cloudline Quilted Trousers,43701597829,126794272,https://cdn.shopify.com/s/files/1/0885/0073/2222/files/blk1.jpg?v=1768281301,"Soft, sculpted and made for movement, the Cloudline Quilted Trousers wrap you in warmth with every step. With a lofty quilted texture and fluid wide-leg silhouette, they feel as relaxed as a weekend coffee run, yet styled enough for city errands.  Quilted cotton texture with puffed warmth High waist with adjustable drawstring Relaxed wide-leg fit for everyday ease",,39.95,Seldom Seen Styles,120726,,,https://images2.productserve.com/?w=200&h=200&bg=white&trim=5&t=letterbox&url=ssl%3Acdn.shopify.com%2Fs%2Ffiles%2F1%2F0885%2F0073%2F2222%2Ffiles%2Fblk1.jpg%3Fv%3D1768281301&feedId=111395&k=5e47280da2a0e2469fff7bb8dee22b3bb7575457,USD,,,https://21c525-b8.myshopify.com/products/cloudline-quilted-trousers?variant=12234176463166,,,USD39.95,111395,Seldom Seen Styles,1,,,,,,Womens,Trousers & Legwear
https://www.awin1.com/pclick.php?p=43794316710&a=2771700&m=120726,Ladies retro linen trousers casual elastic pants,43794316710,127198309,https://cdn.shopify.com/s/files/1/0885/0073/2222/files/Autumn-Oversized-Wide-Leg-Pants-Celmia-Women-Vintage-Linen-Palazzo-Fashion-Long-Trousers-Casual-Elastic-Waist_414f2979-b60e-4d44-b67d-648b8cbc5dfc.jpg?v=1761643508,"SPU: DMHX0644 	Material: cotton and linen 	Pants type: wide leg pants 	Pattern type: picture color 	Process: Pure color 	Occasion: dating, work, leisure            ",,21.99,Seldom Seen Styles,120726,,,https://images2.productserve.com/?w=200&h=200&bg=white&trim=5&t=letterbox&url=ssl%3Acdn.shopify.com%2Fs%2Ffiles%2F1%2F0885%2F0073%2F2222%2Ffiles%2FAutumn-Oversized-Wide-Leg-Pants-Celmia-Women-Vintage-Linen-Palazzo-Fashion-Long-Trousers-Casual-Elastic-Waist_414f2979-b60e-4d44-b67d-648b8cbc5dfc.jpg%3Fv%3D1761643508&feedId=111395&k=686f0edd21749cdd9724ff3094319fc12ae2d91d,USD,,,https://21c525-b8.myshopify.com/products/womenvintagelinenlongtrouserscasualelasticpants?variant=12143998435646,,,USD21.99,111395,Seldom Seen Styles,1,,,,,,Womens,Trousers & Legwear
https://www.awin1.com/pclick.php?p=43794316766&a=2771700&m=120726,Drawstring Casual Strappy Trousers,43794316766,127204770,https://cdn.shopify.com/s/files/1/0885/0073/2222/files/jpg_cb06ba8a-1840-44a3-bc32-b1cdcf862324.jpg?v=1761709629,"SPU:   YSHHP246291        Style:   casual       Color:   Army green, white, apricot       Season:   spring       detail:   Drawstring        Length:   long        Material: cotton       Size:   S/M/L/XL/2XL/3XL/4XL/5XL            Size Chart：  pants length Hips Waist   CM inch CM inch CM inch   S 102 40.2 100",,26.99,Seldom Seen Styles,120726,,,https://images2.productserve.com/?w=200&h=200&bg=white&trim=5&t=letterbox&url=ssl%3Acdn.shopify.com%2Fs%2Ffiles%2F1%2F0885%2F0073%2F2222%2Ffiles%2Fjpg_cb06ba8a-1840-44a3-bc32-b1cdcf862324.jpg%3Fv%3D1761709629&feedId=111395&k=c67c2a3c6a276c51ec443762bba257e6d6f268db,USD,,,https://21c525-b8.myshopify.com/products/drawstring-casual-strappy-trousers?variant=12144281125182,,,USD26.99,111395,Seldom Seen Styles,1,,,,,,Womens,Trousers & Legwear
https://www.awin1.com/pclick.php?p=43786594608&a=2771700&m=120726,Women's Linen Back Cut-Out Shirt And Trousers Two-Piece Set,43786594608,127205804,https://cdn.shopify.com/s/files/1/0885/0073/2222/files/jpg_478c19a1-ed50-44fc-b45d-cd85e2e394bb.jpg?v=1761709659,"SPU:   YSLJP240617010       Style:   Casual       Neckline:   Shirt Collar       Season:   Spring/Summer       Length:   Regular       Material:   Linen       Size:   S/M/L/XL/2XL/3XL/4XL/5XL                         Size Chart：    Length   Bust   pants length   Hips   Waist       CM   inch   CM   inch   CM   inch   CM   inch   CM   inch       S   135   53.1    102   40.2    98   38.6    100   39.4    68   26.8        M   136   53.5    107   42.1    99   39.0    105   41.3    73   28.7        L   137   53.9    112   44.1    100   39.4    110   43.3    78   30.7        XL   138   54.3    117   46.1    101   39.8    115   45.3    83   32.7        2XL   139   54.7    122   48.0    102   40.2    120   47.2    88   34.6        3XL   140   55.1    127   50.0    103   40.6    125   49.2    93   36.6        4XL   141   55.5    132   52.0    104   40.9    130   51.2    98   38.6        5XL   142   55.9    137   53.9    105   41.3    135   53.1    103   40.6     This data was obtained from manually measuring the product, it may be off by 1-2 CM.",,36.99,Seldom Seen Styles,120726,,,https://images2.productserve.com/?w=200&h=200&bg=white&trim=5&t=letterbox&url=ssl%3Acdn.shopify.com%2Fs%2Ffiles%2F1%2F0885%2F0073%2F2222%2Ffiles%2Fjpg_478c19a1-ed50-44fc-b45d-cd85e2e394bb.jpg%3Fv%3D1761709659&feedId=111395&k=2252d0a255ff35e8283a62ce5a3f9b6ba0380890,USD,,,https://21c525-b8.myshopify.com/products/womens-linen-back-cut-out-shirt-and-trousers-two-piece-set-2?variant=12144281452862,,,USD36.99,111395,Seldom Seen Styles,1,,,,,,Womens,Trousers & Legwear
https://www.awin1.com/pclick.php?p=43794316769&a=2771700&m=120726,Women's Irregular Design Casual Trousers,43794316769,127207971,https://cdn.shopify.com/s/files/1/0885/0073/2222/files/jpg_d08be04d-74a1-405e-a260-3e307ed1c351.jpg?v=1761710189,"SPU:   YSHHP240905106        Style: casual       Season:   autumn       Material:   cotton ,blended       Size:   S/M/L/XL/2XL/3Xl                 Size Chart：    pants length   Hips   Waist       CM   inch   CM   inch   CM   inch       S   100   39.4    110   43.3    68   26.8        M   101   39.8    115   45.3    73   28.7        L   102   40.2    120   47.2    78   30.7        XL   103   40.6    125   49.2    83   32.7        2XL   104   40.9    130   51.2    88   34.6        3XL   105   41.3    135   53.1    93   36.6     This data was obtained from manually measuring the product, it may be off by 1-2 CM.",,26.99,Seldom Seen Styles,120726,,,https://images2.productserve.com/?w=200&h=200&bg=white&trim=5&t=letterbox&url=ssl%3Acdn.shopify.com%2Fs%2Ffiles%2F1%2F0885%2F0073%2F2222%2Ffiles%2Fjpg_d08be04d-74a1-405e-a260-3e307ed1c351.jpg%3Fv%3D1761710189&feedId=111395&k=8497c867c814cfca6b9ab1adf4419b32da7daea4,USD,,,https://21c525-b8.myshopify.com/products/womens-irregular-design-casual-trousers?variant=12144284074302,,,USD26.99,111395,Seldom Seen Styles,1,,,,,,Womens,Trousers & Legwear
https://www.awin1.com/pclick.php?p=43794316874&a=2771700&m=120726,Women's Sequined Trousers,43794316874,127209236,https://cdn.shopify.com/s/files/1/0885/0073/2222/files/jpg.jpg?v=1761710276,"SPU:  YSHHP241101648    Style:  Casual    Season: Autumn/Winter   Material: cotton ,blended   Size: S/M/L/XL/2XL/3XL   Body Measurements Size：          Body Measurements       Size Chart：   US   UK   EU   Bust   Waist   Hips       CM   inch   CM   inch   CM   inch       S   6 - 8   10 - 12   38 - 40   90   35.4   68   26.8   98   38.6       M   10   14   42   95   37.4   73   28.7   103   40.6       L   12   16   44   100   39.4   78   30.7   108   42.5       XL   14   18   46   105   41.3   83   32.7   113   44.5       2XL   16   20   48   110   43.3   88   34.6   118   46.5       3XL   18   22   50   115   45.3   93   36.6   123   48.4       *Depending on your body type and dressing habits, the above sizesare for reference only.    Pants size:",,33.99,Seldom Seen Styles,120726,,,https://images2.productserve.com/?w=200&h=200&bg=white&trim=5&t=letterbox&url=ssl%3Acdn.shopify.com%2Fs%2Ffiles%2F1%2F0885%2F0073%2F2222%2Ffiles%2Fjpg.jpg%3Fv%3D1761710276&feedId=111395&k=03cc70ce547aaaf6e05ec318018a0956b7b93f22,USD,,,https://21c525-b8.myshopify.com/products/womens-sequined-trousers?variant=12144285352254,,,USD33.99,111395,Seldom Seen Styles,1,,,,,,Womens,Trousers & Legwear
https://www.awin1.com/pclick.php?p=43794316844&a=2771700&m=120726,Casual Lapel Long Top and Trousers Two-piece Suit,43794316844,127209457,https://cdn.shopify.com/s/files/1/0885/0073/2222/files/jpg_e67f2da9-19d1-427a-a0bf-72685950fb94.jpg?v=1761710286,SPU:   YSHHP243534       Style:   casual       Color: apricot        Season:   spring/summer       Neckline: Lapel        Sleeve Length:   Midi sleeve       Material:   Cotton and linen        Size:   S/M/L/XL/2XL/3XL/4XL/5XL    shirt's size:             Size Chart：    Length   Sleeve Length   Bust       CM   inch   CM   inch   CM   inch       S   133   52.4    27   10.8    102   40.2        M   134   52.8    28   11.2    107   42.1        L   135   53.1    29   11.4    112   44.1        XL   136   53.5    30   11.8    117   46.1        2XL   137   53.9    31   12.2    122   48.0        3XL   138   54.3    32   12.6    127   50.0        4XL   139   54.7    33   13.0    132   52.0        5XL   140   55.1    34   13.4    137   53.9     Pants size:             Size Chart：    pants length   Hips   Waist       CM   inch   CM   inch   CM   inch       S   105   41.3    100   39.4    68   26.8        M   106   41.7    105   41.3    73   28.7        L   107,,38.99,Seldom Seen Styles,120726,,,https://images2.productserve.com/?w=200&h=200&bg=white&trim=5&t=letterbox&url=ssl%3Acdn.shopify.com%2Fs%2Ffiles%2F1%2F0885%2F0073%2F2222%2Ffiles%2Fjpg_e67f2da9-19d1-427a-a0bf-72685950fb94.jpg%3Fv%3D1761710286&feedId=111395&k=fdd89e6b10d4cc957b3abed52597d7bf5bed8bd2,USD,,,https://21c525-b8.myshopify.com/products/casual-lapel-long-top-and-trousers-two-piece-suit?variant=12144285516094,,,USD38.99,111395,Seldom Seen Styles,1,,,,,,Womens,Trousers & Legwear
https://www.awin1.com/pclick.php?p=43794316839&a=2771700&m=120726,Women's Elegant And Fashionable Diamond Denim Trousers,43794316839,127209621,https://cdn.shopify.com/s/files/1/0885/0073/2222/files/jpg_3966a1a2-b04d-4380-85ae-942588caa02d.jpg?v=1761710295,SPU: YSJX241203001   Style: Elegant   Pattern Type: Plain   Season: All seasons   Length: Routine   Material: Cotton Blend   Body Measurements:              Body Measurements  Size Chart： US UK EU Bust Waist Hips   CM inch,,34.99,Seldom Seen Styles,120726,,,https://images2.productserve.com/?w=200&h=200&bg=white&trim=5&t=letterbox&url=ssl%3Acdn.shopify.com%2Fs%2Ffiles%2F1%2F0885%2F0073%2F2222%2Ffiles%2Fjpg_3966a1a2-b04d-4380-85ae-942588caa02d.jpg%3Fv%3D1761710295&feedId=111395&k=86f12eff7642712154de502b932084c2204a1c62,USD,,,https://21c525-b8.myshopify.com/products/womens-elegant-and-fashionable-diamond-denim-trousers?variant=12144285679934,,,USD34.99,111395,Seldom Seen Styles,1,,,,,,Womens,Trousers & Legwear
https://www.awin1.com/pclick.php?p=43794316833&a=2771700&m=120726,Fashion Casual Women's Loose Wide-leg Pants Mid-low Waist Washed Denim Trousers,43794316833,127209832,https://cdn.shopify.com/s/files/1/0885/0073/2222/files/jpg_fb329ab2-b9b8-446a-9a28-d0aa7eff7408.jpg?v=1761710305,SPU:  XHXSQ241223325    Style: Casual   Pattern Type: Plain   Season: All season   Length: Long   Material: Blended    Body Measurements:              Body Measurements  Size Chart： US UK EU Bust Waist Hips   CM inch CM inch CM inch   XS 4 8,,39.99,Seldom Seen Styles,120726,,,https://images2.productserve.com/?w=200&h=200&bg=white&trim=5&t=letterbox&url=ssl%3Acdn.shopify.com%2Fs%2Ffiles%2F1%2F0885%2F0073%2F2222%2Ffiles%2Fjpg_fb329ab2-b9b8-446a-9a28-d0aa7eff7408.jpg%3Fv%3D1761710305&feedId=111395&k=58c11a9450bd60980ac1e892dac21c411fe7cdd5,USD,,,https://21c525-b8.myshopify.com/products/fashion-casual-womens-loose-wide-leg-pants-mid-low-waist-washed-denim-trousers?variant=12144285811006,,,USD39.99,111395,Seldom Seen Styles,1,,,,,,Womens,Trousers & Legwear
https://www.awin1.com/pclick.php?p=43794316885&a=2771700&m=120726,Women's High Waist Slim Wide Leg Pants Loose Mopping Pants Denim Trousers,43794316885,127209955,https://cdn.shopify.com/s/files/1/0885/0073/2222/files/jpg_591f530f-6122-4360-bbd1-cf8886b5a591.jpg?v=1761710312,SPU:  XHXSQ241223330    Style: Casual   Pattern Type: Plain   Season: All season   Length: Long   Material: Blended    Body Measurements:              Body Measurements  Size Chart： US UK EU Bust Waist Hips   CM inch CM inch CM inch   XS 4 8,,36.99,Seldom Seen Styles,120726,,,https://images2.productserve.com/?w=200&h=200&bg=white&trim=5&t=letterbox&url=ssl%3Acdn.shopify.com%2Fs%2Ffiles%2F1%2F0885%2F0073%2F2222%2Ffiles%2Fjpg_591f530f-6122-4360-bbd1-cf8886b5a591.jpg%3Fv%3D1761710312&feedId=111395&k=c8f15377aa0b6893e9f2cdb22b54db1942e2373a,USD,,,https://21c525-b8.myshopify.com/products/womens-high-waist-slim-wide-leg-pants-loose-mopping-pants-denim-trousers?variant=12144285909310,,,USD36.99,111395,Seldom Seen Styles,1,,,,,,Womens,Trousers & Legwear
https://www.awin1.com/pclick.php?p=43794316909&a=2771700&m=120726,Women's Round Neck Sleeveless Top + Trousers Set,43794316909,127212924,https://cdn.shopify.com/s/files/1/0885/0073/2222/files/174799680662559400668.jpg?v=1761711998,SPU: YA680946    Style: Casual   Season:: Spring/Summer   Material: Blended   Size: XS/S/M/L/XL/2XL/3XL   Tops Size:          Size Length Bust   CM inch CM inch   XS 60 23.6 88 34.6   S,,39.99,Seldom Seen Styles,120726,,,https://images2.productserve.com/?w=200&h=200&bg=white&trim=5&t=letterbox&url=ssl%3Acdn.shopify.com%2Fs%2Ffiles%2F1%2F0885%2F0073%2F2222%2Ffiles%2F174799680662559400668.jpg%3Fv%3D1761711998&feedId=111395&k=191f9849ef7d55ab5bae9d17ee758d7c87478e99,USD,,,https://21c525-b8.myshopify.com/products/womens-round-neck-sleeveless-top-trousers-set?variant=12144290005310,,,USD39.99,111395,Seldom Seen Styles,1,,,,,,Womens,Trousers & Legwear
https://www.awin1.com/pclick.php?p=43794316891&a=2771700&m=120726,Women's Cotton and Linen Double Pocket Casual Trousers,43794316891,127212973,https://cdn.shopify.com/s/files/1/0885/0073/2222/files/174583311496508400382.jpg?v=1761712005,"SPU:  YA680205    Style: Casual   Season:: Spring/Summer   Material: Cotton ,Blended   Size: XS/S/M/L/XL/2XL/3XL    Pants Size:             Size Waist Hips Length   CM inch CM inch CM inch   XS",,27.99,Seldom Seen Styles,120726,,,https://images2.productserve.com/?w=200&h=200&bg=white&trim=5&t=letterbox&url=ssl%3Acdn.shopify.com%2Fs%2Ffiles%2F1%2F0885%2F0073%2F2222%2Ffiles%2F174583311496508400382.jpg%3Fv%3D1761712005&feedId=111395&k=e6a21596ad85e20b5956854b1898c289a5bf42e1,USD,,,https://21c525-b8.myshopify.com/products/womens-cotton-and-linen-double-pocket-casual-trousers?variant=12144290103614,,,USD27.99,111395,Seldom Seen Styles,1,,,,,,Womens,Trousers & Legwear
https://www.awin1.com/pclick.php?p=43794316943&a=2771700&m=120726,Women's V-neck Top + Printed Trousers Casual Suit,43794316943,127214333,https://cdn.shopify.com/s/files/1/0885/0073/2222/files/174678560985724500252.jpg?v=1761712070,"SPU: YA690400   Style: Casual   Season: Spring/Summer   Material: Cotton,Blended   Size: XS/S/M/L/XL/2Xl/3XL     Tops Size：             Size Length Bust Sleeve Length   CM inch CM inch CM inch   XS",,39.99,Seldom Seen Styles,120726,,,https://images2.productserve.com/?w=200&h=200&bg=white&trim=5&t=letterbox&url=ssl%3Acdn.shopify.com%2Fs%2Ffiles%2F1%2F0885%2F0073%2F2222%2Ffiles%2F174678560985724500252.jpg%3Fv%3D1761712070&feedId=111395&k=cba2c80597f28d32737e0c801617068d3efde7be,USD,,,https://21c525-b8.myshopify.com/products/womens-v-neck-top-printed-trousers-casual-suit?variant=12144290922814,,,USD39.99,111395,Seldom Seen Styles,1,,,,,,Womens,Trousers & Legwear
https://www.awin1.com/pclick.php?p=43794316957&a=2771700&m=120726,Women's Round Neck Zipper Sequin Top + Trousers Casual Suit,43794316957,127218311,https://cdn.shopify.com/s/files/1/0885/0073/2222/files/jpg_78f44def-2382-4b8f-8cd0-30a831decd76.jpg?v=1761712738,"SPU: YSHHP241205147   Style:  Casual    Season: Autumn/Winter   Material: cotton ,blended   Size: S/M/L/XL/2XL/3XL     Tops Size：             Size Length Bust Sleeve Length   CM inch CM inch CM inch   S 62 24.4 97 38.2 60 23.6   M 63 24.8 102",,45.99,Seldom Seen Styles,120726,,,https://images2.productserve.com/?w=200&h=200&bg=white&trim=5&t=letterbox&url=ssl%3Acdn.shopify.com%2Fs%2Ffiles%2F1%2F0885%2F0073%2F2222%2Ffiles%2Fjpg_78f44def-2382-4b8f-8cd0-30a831decd76.jpg%3Fv%3D1761712738&feedId=111395&k=706d451ad7fd62da6f07df79ddb56e48c8c31dcf,USD,,,https://21c525-b8.myshopify.com/products/womens-round-neck-zipper-sequin-top-trousers-casual-suit?variant=12144298721598,,,USD45.99,111395,Seldom Seen Styles,1,,,,,,Womens,Trousers & Legwear
https://www.awin1.com/pclick.php?p=43786595495&a=2771700&m=120726,Women's 2025 Wide Leg Jeans Distress Mid Waist Denim Pants Vintage Y2K Trousers,43786595495,127223710,https://cdn.shopify.com/s/files/1/0885/0073/2222/files/6a38ddad-05b4-4503-aa0e-65a6c2fbc342.jpg?v=1762409853,Women's Casual Jean Sdistressed Denim Jeans,,28.21,Seldom Seen Styles,120726,,,https://images2.productserve.com/?w=200&h=200&bg=white&trim=5&t=letterbox&url=ssl%3Acdn.shopify.com%2Fs%2Ffiles%2F1%2F0885%2F0073%2F2222%2Ffiles%2F6a38ddad-05b4-4503-aa0e-65a6c2fbc342.jpg%3Fv%3D1762409853&feedId=111395&k=a8b96cfc22fa9a319c923cbf223d6b1fb979152b,USD,,,https://21c525-b8.myshopify.com/products/womens-2025-wide-leg-jeans-distress-mid-waist-denim-pants-vintage-y2k-trousers?variant=12157638279486,,,USD28.21,111395,Seldom Seen Styles,1,,,,,,Womens,Trousers & Legwear
https://www.awin1.com/pclick.php?p=43794317264&a=2771700&m=120726,"Women's Solid Zip Up Crop Jacket & Drawstring Waist Pants Two-piece Set, Casual Fashion Drop Shoulder Long Sleeve Top & High Waist Trousers Womenswear Suits for Outdoor Wear, Women's Clothing for Spring & Fall 90s Clothes",43794317264,127225472,https://cdn.shopify.com/s/files/1/0885/0073/2222/files/c007d411-15fb-4dc1-9e8a-7eb64a5c6647.jpg?v=1762410553,size           Real Shot,,44.21,Seldom Seen Styles,120726,,,https://images2.productserve.com/?w=200&h=200&bg=white&trim=5&t=letterbox&url=ssl%3Acdn.shopify.com%2Fs%2Ffiles%2F1%2F0885%2F0073%2F2222%2Ffiles%2Fc007d411-15fb-4dc1-9e8a-7eb64a5c6647.jpg%3Fv%3D1762410553&feedId=111395&k=c79bc0256f9524a8a6a0c8d7d0a7f3accc352d5e,USD,,,https://21c525-b8.myshopify.com/products/sporty-two-piece-set-womens-plain-mock-neck-zip-up-jacket-pocket-drawstring-waist-sweatpants-sports-sweat-suit-sports-cozy-breathable-outfits-tracksuits-for-daily-outdoor-wear-tracksuit-set-ladies-sportswear-for-all-seasons?variant=12157644931390,,,USD44.21,111395,Seldom Seen Styles,1,,,,,,Womens,Trousers & Legwear
https://www.awin1.com/pclick.php?p=43794317282&a=2771700&m=120726,"Women's Basic Minimalist Plain Button Front Pocket Cargo Pants, Fashion Y2K Clothes Women, Comfort Casual Street High Waist Wide Leg Trousers For Spring & Fall, Summer Pants, Ladies' Bottoms For Daily Wear, Womenswear, Preppy 80s Clothes",43794317282,127229544,https://cdn.shopify.com/s/files/1/0885/0073/2222/files/ceae8b97-00cf-4b28-a27a-26697bb8cd92.jpg?v=1762996418,"  Elevate your everyday wardrobe with these versatile cargo pants, designed for effortless style across seasons. Featuring a high-waisted silhouette and wide-leg cut, they deliver both comfort and contemporary appeal. The button-front closure and functional pockets provide practical details that complement the minimalist aesthetic. Perfect for layering through spring and fall or wearing solo during warmer months, these trousers transition seamlessly from casual street wear to relaxed daily occasions. The structured fabric maintains its shape while allowing freedom of movement, making them an essential addition to any modern closet seeking timeless, unpretentious pieces.   ",,26,Seldom Seen Styles,120726,,,https://images2.productserve.com/?w=200&h=200&bg=white&trim=5&t=letterbox&url=ssl%3Acdn.shopify.com%2Fs%2Ffiles%2F1%2F0885%2F0073%2F2222%2Ffiles%2Fceae8b97-00cf-4b28-a27a-26697bb8cd92.jpg%3Fv%3D1762996418&feedId=111395&k=74f4167ee473c212d0d24bc5e43b265cf90f7b53,USD,,,https://21c525-b8.myshopify.com/products/womens-basic-minimalist-plain-button-front-pocket-cargo-pants-fashion-y2k-clothes-women-comfort-casual-street-high-waist-wide-leg-trousers-for-spring-fall-summer-pants-ladies-bottoms-for-daily-wear-womenswear-preppy-80s-clothes?variant=12168843067710,,,USD26.00,111395,Seldom Seen Styles,1,,,,,,Womens,Trousers & Legwear
https://www.awin1.com/pclick.php?p=43794317306&a=2771700&m=120726,"Women's Leisure Solid Color Sloping Shoulder Long Sleeve Top & Wide Leg Trousers Co-ord, Cozy Scoop Neck Loose Two Piece Outfits, Basic Womenswear",43794317306,127231063,https://cdn.shopify.com/s/files/1/0885/0073/2222/files/e07ac511-5d7d-4a1c-8357-40e7fde709e7.jpg?v=1763091403,"Women's Leisure Solid Color Sloping Shoulder Long Sleeve Top & Wide Leg Trousers Co-ord      Made from soft, solid-colored fabric, this set features a stylish sloping shoulder design and long sleeves, paired with matching trousers for an elegant appearance.   Material: 44% Cotton + 49% Polyester + 7% Elastane Style: Casual, Commuter Details: Long sleeves, Sloping shoulder, High waist, Side pockets, Soft and stretch fabric Fit: Loose fit, Wide leg fit Pattern: Plain Neckline: Sloping shoulder / Scoop neck Occasion: Leisure, Home, Work, Outdoor Care Instructions: Machine washable PLEASE NOTE: Actual Color May Vary Slightly from the Picture Due to Lighting Effects & Different Screen Display Setting   You can make a return and upload the return tracking number within 30 days of receipt of the products.Please note that items must be in new, unworn, unwashed, undamaged, and unaltered condition and have the original tags attached.   This size chart is a guide only.Please note every individual has unique fit needs.Order your regular size for a compression fit, if you want a looser fit, we recommend sizing up for the best experience.   If you have received a faulty/damaged/incorrect item, don't hesitate to contact our Customer Services Team, we'll reply within 24 hours and offer you a satisfactory solution.",,27.62,Seldom Seen Styles,120726,,,https://images2.productserve.com/?w=200&h=200&bg=white&trim=5&t=letterbox&url=ssl%3Acdn.shopify.com%2Fs%2Ffiles%2F1%2F0885%2F0073%2F2222%2Ffiles%2Fe07ac511-5d7d-4a1c-8357-40e7fde709e7.jpg%3Fv%3D1763091403&feedId=111395&k=367e9364bd07342836cc72c608495d5f8b4dda84,USD,,,https://21c525-b8.myshopify.com/products/katchme-womens-leisure-solid-color-sloping-shoulder-long-sleeve-top-wide-leg-trousers-co-ord-cozy-scoop-neck-loose-two-piece-outfits-basic-womenswear?variant=12169635266878,,,USD27.62,111395,Seldom Seen Styles,1,,,,,,Womens,Trousers & Legwear
https://www.awin1.com/pclick.php?p=43794317324&a=2771700&m=120726,Female leisure trousers with wide legs and drawstring,43794317324,127231727,https://cdn.shopify.com/s/files/1/0885/0073/2222/files/spp_shopify20251009154926_d568ef628b5110d8a71364ee37d92c1a_aa8f8769-ed3f-41c1-9e82-9335fcc51f00.jpg?v=1763177487,"SIZE CHART      CHARACTERISTICS  STYLISH AND UNDERSTANDED  Embrace effortless elegance with subtle vertical stripes and a solid color. This design exudes sophistication and is perfect for a relaxed yet elegant look, transforming everyday moments into stylish statements.    LEGS FOR DAYS  The wide-cut silhouette drapes gracefully and visually lengthens your legs without compromising comfort. Adjustable drawstrings allow you to find your perfect fit without sacrificing style.    SOFT AS A CLOUD  Made from breathable, highly elastic material, it feels comfortable against your skin all day long. Lightweight and airy, it adapts to your movements, so you feel unrestricted and relaxed with every step.    STYLE, ANYTIME, ANYWHERE  – Pair it with T-shirts for errands or silk blouses for brunch – the possibilities are endless. This versatile garment effortlessly transitions from home to the street, reflecting a relaxed yet elegant lifestyle.    SPEC  Color: White, Black, Grey, Khaki  Sizes: S, M, L, XL, 2XL  Main material: Polyester + Elastane  Package includes: 1 x Casual, soft women's wide-leg trousers with drawstring  NOTES  Please note that due to manual measurement, a deviation of 2–3 cm is possible. Please ensure you are comfortable with this before making your purchase.  The colors may not be displayed exactly as in reality due to variations between computer monitors.",,29,Seldom Seen Styles,120726,,,https://images2.productserve.com/?w=200&h=200&bg=white&trim=5&t=letterbox&url=ssl%3Acdn.shopify.com%2Fs%2Ffiles%2F1%2F0885%2F0073%2F2222%2Ffiles%2Fspp_shopify20251009154926_d568ef628b5110d8a71364ee37d92c1a_aa8f8769-ed3f-41c1-9e82-9335fcc51f00.jpg%3Fv%3D1763177487&feedId=111395&k=81fbacb76a803c369cb4848d5ea49cd514713e47,USD,,,https://21c525-b8.myshopify.com/products/womens-casual-soft-wide-leg-pants-with-drawstring?variant=12170575413566,,,USD29.00,111395,Seldom Seen Styles,1,,,,,,Womens,Trousers & Legwear
https://www.awin1.com/pclick.php?p=43794317487&a=2771700&m=120726,⏳Limited time 50% discount?Casual women's two-piece set: V-neck top and trousers,43794317487,127231900,https://cdn.shopify.com/s/files/1/0885/0073/2222/files/spp_20250722143021_31b8988b322fefbb1d86dbabe10ab9de_1be6fcea-4f87-4752-8683-a3b255e0906b.png?v=1763177509,"SIZE CHART    FEATURES  V-cut for cooling comfort The V-neck provides more skin contact and allows for better air circulation, keeping you fresh on warmer days. The subtle opening complements the relaxed style of the two-piece suit and ensures a breathable look that remains effortlessly stylish.    ADJUSTABLE WAIST WITH DRAWSTRING – A flexible drawstring allows you to quickly adjust the waist for a perfect fit that adapts to different body shapes. This secure design prevents slipping or sagging, ensuring the pants stay comfortably in place all day without digging into your waist.    CLEAR LINES, TIMELESS DESIGN With clean lines and a simple silhouette, this two-piece set offers an elegant yet relaxed look. The classic design remains neat without being too tight or too loose, making it a timeless choice you can wear season after season.    MADE FOR EVERYDAY LIFE Perfect for everyday activities like walks, commuting, or relaxed outings. This outfit combines comfort and style, ensuring you're always well-dressed, wherever you go.    SIMPLE CARE FOR BUSY DAYS Made from durable materials that only require regular washing to stay fresh, this two-piece set minimizes maintenance, so you can spend less time doing laundry and more time enjoying your day.    SPECIFICATIONS  Color: Brown, Black, Green  Sizes: S-3XL  Material: Polyester  Scope of delivery: 1× Casual women's two-piece set: V-neck top and trousers  NOTES  Please allow for a 2-3 cm error due to manual measurement. Please make sure you take this into account before purchasing.  The color may differ from the original due to differences between computer monitors.",,39.99,Seldom Seen Styles,120726,,,https://images2.productserve.com/?w=200&h=200&bg=white&trim=5&t=letterbox&url=ssl%3Acdn.shopify.com%2Fs%2Ffiles%2F1%2F0885%2F0073%2F2222%2Ffiles%2Fspp_20250722143021_31b8988b322fefbb1d86dbabe10ab9de_1be6fcea-4f87-4752-8683-a3b255e0906b.png%3Fv%3D1763177509&feedId=111395&k=57160437b0135cddaf4e9941536dbead0ca69a07,USD,,,https://21c525-b8.myshopify.com/products/womens-casual-v-neck-top-and-pants-set?variant=12170575806782,,,USD39.99,111395,Seldom Seen Styles,1,,,,,,Womens,Trousers & Legwear
https://www.awin1.com/pclick.php?p=43794317109&a=2771700&m=120726,Womens Elastic High Waisted Palazzo Pants Casual Wide Leg Long Lounge Pant Trousers with Pocket,43794317109,127234305,https://cdn.shopify.com/s/files/1/0885/0073/2222/files/Itrauktiantraste_4_-min_12c4345e-b706-4f3a-9e32-b5be24188575.png?v=1763952051,"Elevate your casual wardrobe with these versatile palazzo pants, designed for effortless comfort and contemporary style. Featuring a high-waisted elastic waistband that provides a flattering fit and secure hold, these wide-leg trousers offer generous room through the hips and thighs while maintaining a polished silhouette. The extended length creates an elegant drape, perfect for lounging at home or stepping out for relaxed social occasions. Practical side pockets add functional appeal, eliminating the need to carry a bag for everyday essentials. Crafted for all-day wearability, these pants seamlessly transition from weekend relaxation to casual outings, making them an indispensable addition to any modern woman's collection.",,25,Seldom Seen Styles,120726,,,https://images2.productserve.com/?w=200&h=200&bg=white&trim=5&t=letterbox&url=ssl%3Acdn.shopify.com%2Fs%2Ffiles%2F1%2F0885%2F0073%2F2222%2Ffiles%2FItrauktiantraste_4_-min_12c4345e-b706-4f3a-9e32-b5be24188575.png%3Fv%3D1763952051&feedId=111395&k=82f8b21e01d96dd26b695c0ff44c41a2813b20fc,USD,,,https://21c525-b8.myshopify.com/products/alexandra-elegantne-rucne-site-nohavice?variant=12176281076030,,,USD25.00,111395,Seldom Seen Styles,1,,,,,,Womens,Trousers & Legwear
https://www.awin1.com/pclick.php?p=43855688862&a=2771700&m=120726,ZAELIA TROUSERS,43855688862,128027282,https://cdn.shopify.com/s/files/1/0885/0073/2222/files/O1CN01JbKjZz2KD88tlWxvZ__2212475629522-0-cib.jpg?v=1765851684,"  ZAELIA TROUSERS Crafted for the discerning wearer, these trousers exemplify refined tailoring and understated elegance. The ZAELIA design features a sophisticated silhouette that transitions seamlessly from professional settings to elevated casual occasions. Premium fabric construction ensures durability and maintains its shape through repeated wear, while the thoughtful cut provides both comfort and a polished appearance. A versatile wardrobe essential that rewards investment with timeless style and reliable performance.    ",,37,Seldom Seen Styles,120726,,,https://images2.productserve.com/?w=200&h=200&bg=white&trim=5&t=letterbox&url=ssl%3Acdn.shopify.com%2Fs%2Ffiles%2F1%2F0885%2F0073%2F2222%2Ffiles%2FO1CN01JbKjZz2KD88tlWxvZ__2212475629522-0-cib.jpg%3Fv%3D1765851684&feedId=111395&k=acd5d0f6a15a6da366f7d61e4989b3d9ac6a21c8,USD,,,https://21c525-b8.myshopify.com/products/zaelia-trousers?variant=12210123079998,,,USD37.00,111395,Seldom Seen Styles,1,,,,,,Womens,Trousers & Legwear
https://www.awin1.com/pclick.php?p=44244504243&a=2771700&m=120726,"Women's Leopard Print Bow Decor Wide Leg Pants, Casual Comfy Trousers for Daily Wear, Ladies Bottoms for Fall & Winter",44244504243,130579632,https://cdn.shopify.com/s/files/1/0885/0073/2222/files/2abc29c6-6122-43c7-857f-29c117d23bfb.jpg?v=1756276407,"Designed for ultimate comfort, these women's fuzzy plush pajama pants feature a soft teddy fabric that keeps you cozy during cooler nights. The elastic waistband with an adjustable drawstring ensures a perfect fit, while the wide-leg cut offers relaxed freedom of movement. Ideal for lounging or sleeping, these pants combine warmth with a stylish silhouette, making them a versatile addition to your sleepwear collection.    ",,37.57,Seldom Seen Styles,120726,,,https://images2.productserve.com/?w=200&h=200&bg=white&trim=5&t=letterbox&url=ssl%3Acdn.shopify.com%2Fs%2Ffiles%2F1%2F0885%2F0073%2F2222%2Ffiles%2F2abc29c6-6122-43c7-857f-29c117d23bfb.jpg%3Fv%3D1756276407&feedId=111395&k=dd9fbdf104a95012a5d61c18afd4168ac9fc7009,USD,,,https://21c525-b8.myshopify.com/products/womens-leopard-print-bow-decor-wide-leg-pants-casual-comfy-trousers-for-daily-wear-ladies-bottoms-for-fall-winter?variant=12015595389246,,,USD37.57,111395,Seldom Seen Styles,1,,,,,,Womens,Trousers & Legwear
https://www.awin1.com/pclick.php?p=44244509816&a=2771700&m=120726,Girl's Elastic Waist Trousers Loose Straight Leg Flap Pocket Cargo Pants,44244509816,130580199,https://cdn.shopify.com/s/files/1/0885/0073/2222/files/2a68385a-37f3-4989-8e89-d8ca75088309.jpg?v=1756353247,"These girls' trousers combine comfort and practicality with their elastic waistband and loose straight-leg design, allowing ease of movement throughout the day. Crafted with convenient flap pockets, they offer secure storage while maintaining a clean, structured look. Ideal for casual wear or active play, these cargo pants balance functional details with a relaxed fit suited for everyday versatility.   ",,37.9,Seldom Seen Styles,120726,,,https://images2.productserve.com/?w=200&h=200&bg=white&trim=5&t=letterbox&url=ssl%3Acdn.shopify.com%2Fs%2Ffiles%2F1%2F0885%2F0073%2F2222%2Ffiles%2F2a68385a-37f3-4989-8e89-d8ca75088309.jpg%3Fv%3D1756353247&feedId=111395&k=ccfb3e52c035ea9c2793ec072caa671ce86fac6c,USD,,,https://21c525-b8.myshopify.com/products/girls-elastic-waist-trousers-loose-straight-leg-flap-pocket-cargo-pants?variant=12017424433470,,,USD37.90,111395,Seldom Seen Styles,1,,,,,,Womens,Trousers & Legwear
https://www.awin1.com/pclick.php?p=44244504406&a=2771700&m=120726,Women Cargo Pants Wide Leg Casual Baggy Parachute Pants Multi Pockets Y2K Straight Trousers,44244504406,130580377,https://cdn.shopify.com/s/files/1/0885/0073/2222/files/75bd9fd3-c09a-4297-b436-d96cbcd1d6fd_37d5d3dc-7dae-4a85-825d-0af19cdabf1f.jpg?v=1756353408,"These women's cargo pants feature a wide-leg, baggy silhouette inspired by Y2K fashion, offering both comfort and a laid-back style. Crafted with multiple pockets, they provide practical storage options ideal for an active lifestyle. The parachute-style straight trousers combine casual ease with functional design, making them versatile for everyday wear or streetwear looks.                   【Model Special Picture    【Military Green】                        【Real Shot】 Picture                                        【Leopard Print】                       【Khaki Color】                        【Grey】                      【Black】",,41.82,Seldom Seen Styles,120726,,,https://images2.productserve.com/?w=200&h=200&bg=white&trim=5&t=letterbox&url=ssl%3Acdn.shopify.com%2Fs%2Ffiles%2F1%2F0885%2F0073%2F2222%2Ffiles%2F75bd9fd3-c09a-4297-b436-d96cbcd1d6fd_37d5d3dc-7dae-4a85-825d-0af19cdabf1f.jpg%3Fv%3D1756353408&feedId=111395&k=130eb88a7907afca2c1864e78f8d885767fb8bb7,USD,,,https://21c525-b8.myshopify.com/products/women-cargo-pants-wide-leg-casual-baggy-parachute-pants-multi-pockets-y2k-straight-trousers?variant=12017424695614,,,USD41.82,111395,Seldom Seen Styles,1,,,,,,Womens,Trousers & Legwear
https://www.awin1.com/pclick.php?p=44244503826&a=2771700&m=120726,Women Wide Leg Pants High Waisted Trousers Linen Palazzo Lounge Beach Cover Ups Flowy Pants,44244503826,130580407,https://cdn.shopify.com/s/files/1/0885/0073/2222/files/5459b9f9-6767-4ea3-9b5a-7daa20c0abfb.jpg?v=1756353436,"These women’s wide-leg trousers combine a high waist design with breathable linen fabric for effortless comfort and style. The palazzo cut offers a flowy silhouette ideal for lounging, beach cover-ups, or casual outings. Their lightweight, airy construction ensures ease of movement while maintaining a polished look suitable for various occasions. Perfect for those seeking versatile pants that blend relaxation with sophisticated appeal.",,36.79,Seldom Seen Styles,120726,,,https://images2.productserve.com/?w=200&h=200&bg=white&trim=5&t=letterbox&url=ssl%3Acdn.shopify.com%2Fs%2Ffiles%2F1%2F0885%2F0073%2F2222%2Ffiles%2F5459b9f9-6767-4ea3-9b5a-7daa20c0abfb.jpg%3Fv%3D1756353436&feedId=111395&k=b1880588fabc7b525e164e1c6364d65bf41cc11b,USD,,,https://21c525-b8.myshopify.com/products/women-wide-leg-pants-high-waisted-trousers-linen-palazzo-lounge-beach-cover-ups-flowy-pants?variant=12017424793918,,,USD36.79,111395,Seldom Seen Styles,1,,,,,,Womens,Trousers & Legwear
https://www.awin1.com/pclick.php?p=44244504297&a=2771700&m=120726,Womens Linen Plus Size High Elastic Waist Harem Pants Comfy Casual Loose Baggy Solid Pants Trousers with Pockets,44244504297,130580452,https://cdn.shopify.com/s/files/1/0885/0073/2222/files/8cc4aa01-c931-4e68-8857-b9707b33adc8.jpg?v=1756353481,"These women's linen harem pants offer a comfortable, relaxed fit with a high elastic waistband that adapts to plus sizes effortlessly. Crafted from breathable linen, they provide lightweight comfort ideal for casual wear. The loose, baggy design allows ease of movement while maintaining a stylish silhouette. Functional side pockets add practicality, making these solid-colored trousers perfect for everyday versatility.    Size Waist hip length   S 66 110 95   M 70 114 96   L 74 118 97   XL 78 122 98   XXL 82 126 99   XXXL 86 130 100   XXXXL 90 134 101   XXXXXL 94 138 102         ",,38.46,Seldom Seen Styles,120726,,,https://images2.productserve.com/?w=200&h=200&bg=white&trim=5&t=letterbox&url=ssl%3Acdn.shopify.com%2Fs%2Ffiles%2F1%2F0885%2F0073%2F2222%2Ffiles%2F8cc4aa01-c931-4e68-8857-b9707b33adc8.jpg%3Fv%3D1756353481&feedId=111395&k=61ea08a2df8c6d4fcb251d0d81436234e579f210,USD,,,https://21c525-b8.myshopify.com/products/womens-linen-plus-size-high-elastic-waist-harem-pants-comfy-casual-loose-baggy-solid-pants-trousers-with-pockets?variant=12017424826686,,,USD38.46,111395,Seldom Seen Styles,1,,,,,,Womens,Trousers & Legwear
https://www.awin1.com/pclick.php?p=44244509910&a=2771700&m=120726,Linen Pants Women Summer Elastic Waist Straight Leg Plus Size Crop Pants Casual Beach Trousers with Pockets,44244509910,130580589,https://cdn.shopify.com/s/files/1/0885/0073/2222/files/f61b82a8-f034-4a19-8b3f-fec8140b5d07.jpg?v=1756353621,"These linen pants offer a breathable and lightweight option for summer, designed with a comfortable elastic waist for easy wear. The straight-leg cut and cropped length provide a flattering silhouette, while plus-size sizing ensures an inclusive fit. Practical pockets add convenience, making these casual beach trousers ideal for relaxed outings or warm-weather days.   ",,40.28,Seldom Seen Styles,120726,,,https://images2.productserve.com/?w=200&h=200&bg=white&trim=5&t=letterbox&url=ssl%3Acdn.shopify.com%2Fs%2Ffiles%2F1%2F0885%2F0073%2F2222%2Ffiles%2Ff61b82a8-f034-4a19-8b3f-fec8140b5d07.jpg%3Fv%3D1756353621&feedId=111395&k=1e521024acc280623177cebe257e098eb07e5ff2,USD,,,https://21c525-b8.myshopify.com/products/linen-pants-women-summer-elastic-waist-straight-leg-plus-size-crop-pants-casual-beach-trousers-with-pockets?variant=12017425449278,,,USD40.28,111395,Seldom Seen Styles,1,,,,,,Womens,Trousers & Legwear
https://www.awin1.com/pclick.php?p=44244505125&a=2771700&m=120726,Wide Leg Pants for Women Elastic Waist Drawstring Palazzo Pants Lounge Pants with Pockets Loose Straight Leg Trousers,44244505125,130580796,https://cdn.shopify.com/s/files/1/0885/0073/2222/files/32866aaa-e439-4c51-97cd-0a8e82457b45.jpg?v=1756433014,"These wide-leg palazzo pants offer a perfect blend of comfort and style with an elastic waistband and adjustable drawstring for a customized fit. Designed with loose, straight legs and practical pockets, they provide ease of movement and everyday functionality. Ideal for lounging or casual outings, these trousers combine relaxed elegance with versatile wearability.",,39.12,Seldom Seen Styles,120726,,,https://images2.productserve.com/?w=200&h=200&bg=white&trim=5&t=letterbox&url=ssl%3Acdn.shopify.com%2Fs%2Ffiles%2F1%2F0885%2F0073%2F2222%2Ffiles%2F32866aaa-e439-4c51-97cd-0a8e82457b45.jpg%3Fv%3D1756433014&feedId=111395&k=fabbb522807fd14dba09b766dd902ff9d03ab24a,USD,,,https://21c525-b8.myshopify.com/products/wide-leg-pants-for-women-elastic-waist-drawstring-palazzo-pants-lounge-pants-with-pockets-loose-straight-leg-trousers?variant=12017817256254,,,USD39.12,111395,Seldom Seen Styles,1,,,,,,Womens,Trousers & Legwear
https://www.awin1.com/pclick.php?p=44244510416&a=2771700&m=120726,Womens Casual Wide Leg Pants Summer Fall Clothes Pleated Elastic Waist Loose Palazzo Knit Trousers with Pockets,44244510416,130581396,https://cdn.shopify.com/s/files/1/0885/0073/2222/files/32921697-6df4-47ba-b167-05d9d5401676.jpg?v=1756433529,"These women's wide-leg palazzo pants combine comfort and style with a pleated design and elastic waist for a perfect fit. Crafted from soft knit fabric, they offer breathable wear ideal for summer and fall. The loose silhouette enhances mobility, while convenient pockets add practical storage. Perfect for casual outings or relaxed workdays, these trousers deliver effortless elegance with functional ease.",,35.62,Seldom Seen Styles,120726,,,https://images2.productserve.com/?w=200&h=200&bg=white&trim=5&t=letterbox&url=ssl%3Acdn.shopify.com%2Fs%2Ffiles%2F1%2F0885%2F0073%2F2222%2Ffiles%2F32921697-6df4-47ba-b167-05d9d5401676.jpg%3Fv%3D1756433529&feedId=111395&k=9d92d292c5635ae0cfd20c6bbc4f697e99333102,USD,,,https://21c525-b8.myshopify.com/products/womens-casual-wide-leg-pants-summer-fall-clothes-pleated-elastic-waist-loose-palazzo-knit-trousers-with-pockets?variant=12017827742014,,,USD35.62,111395,Seldom Seen Styles,1,,,,,,Womens,Trousers & Legwear
https://www.awin1.com/pclick.php?p=44244509817&a=2771700&m=120726,Women's Wide Leg Pants Striped Elastic High Waisted Casual Knit Palazzo Pants Drawstring Lounge Pajama Trousers,44244509817,130581442,https://cdn.shopify.com/s/files/1/0885/0073/2222/files/becb716e-8dbc-4f5a-914a-3d0d940985dd.jpg?v=1756433666,"These Women's Wide Leg Pants combine comfort and style with a high-waisted design and elastic waistband for a secure, flattering fit. Crafted from soft knit fabric, they feature a striped pattern that adds subtle visual interest. The drawstring allows for adjustable waist sizing, making them ideal for casual wear, lounging, or as pajama trousers. Their roomy palazzo cut ensures freedom of movement while maintaining an elegant silhouette. Perfect for relaxed days when comfort is a priority without compromising on chic appeal.",,37.58,Seldom Seen Styles,120726,,,https://images2.productserve.com/?w=200&h=200&bg=white&trim=5&t=letterbox&url=ssl%3Acdn.shopify.com%2Fs%2Ffiles%2F1%2F0885%2F0073%2F2222%2Ffiles%2Fbecb716e-8dbc-4f5a-914a-3d0d940985dd.jpg%3Fv%3D1756433666&feedId=111395&k=ddf2cd17f979a7ac366e4b007854a3caa497d30d,USD,,,https://21c525-b8.myshopify.com/products/womens-wide-leg-pants-striped-elastic-high-waisted-casual-knit-palazzo-pants-drawstring-lounge-pajama-trousers?variant=12017830101310,,,USD37.58,111395,Seldom Seen Styles,1,,,,,,Womens,Trousers & Legwear
https://www.awin1.com/pclick.php?p=44244509851&a=2771700&m=120726,Women's Casual Lantern Tapered Harem Pants Loose Fit Style Flax Ankle Trousers Summer Baggy Slacks with Pocket,44244509851,130581502,https://cdn.shopify.com/s/files/1/0885/0073/2222/files/d6b57fbc-b0c6-4ae8-8ba0-a5ff3e597241.jpg?v=1756433803,"These women's casual lantern tapered harem pants feature a loose fit and ankle-length design crafted from breathable flax material, perfect for summer comfort. Their baggy silhouette allows ease of movement, while the convenient pocket adds practical functionality. Ideal for a relaxed yet stylish look, these trousers combine comfort with modern flair.     ",,33.37,Seldom Seen Styles,120726,,,https://images2.productserve.com/?w=200&h=200&bg=white&trim=5&t=letterbox&url=ssl%3Acdn.shopify.com%2Fs%2Ffiles%2F1%2F0885%2F0073%2F2222%2Ffiles%2Fd6b57fbc-b0c6-4ae8-8ba0-a5ff3e597241.jpg%3Fv%3D1756433803&feedId=111395&k=747828733c37fd24b1d26552ed4d1665ae41aec1,USD,,,https://21c525-b8.myshopify.com/products/womens-casual-lantern-tapered-harem-pants-loose-fit-style-flax-ankle-trousers-summer-baggy-slacks-with-pocket?variant=12017831346494,,,USD33.37,111395,Seldom Seen Styles,1,,,,,,Womens,Trousers & Legwear
https://www.awin1.com/pclick.php?p=44244504643&a=2771700&m=120726,Womens Cotton Linen Palazzo Pants Drawstring Elastic Waist Casual Wide Leg Trousers with Pockets,44244504643,130581824,https://cdn.shopify.com/s/files/1/0885/0073/2222/files/79955e89-9be2-4dc8-a5af-7c8d4c18e169.jpg?v=1756608552,"Crafted from breathable cotton-linen blend, these women's palazzo pants offer all-day comfort with a relaxed yet refined fit. The elastic waistband with a drawstring ensures a customizable, secure fit while the wide-leg design allows ease of movement. Equipped with practical pockets, these trousers seamlessly combine function with casual elegance, making them ideal for both laid-back and polished looks.",,37.72,Seldom Seen Styles,120726,,,https://images2.productserve.com/?w=200&h=200&bg=white&trim=5&t=letterbox&url=ssl%3Acdn.shopify.com%2Fs%2Ffiles%2F1%2F0885%2F0073%2F2222%2Ffiles%2F79955e89-9be2-4dc8-a5af-7c8d4c18e169.jpg%3Fv%3D1756608552&feedId=111395&k=96e0ed99584d2ed5f795ced744c16854576045bc,USD,,,https://21c525-b8.myshopify.com/products/womens-baggy-barrel-pants-wide-leg-lounge-drawstring-sweatpants-with-pockets?variant=12020168753470,,,USD37.72,111395,Seldom Seen Styles,1,,,,,,Womens,Trousers & Legwear
https://www.awin1.com/pclick.php?p=44244509824&a=2771700&m=120726,Women's Capri Pants Casual Summer Cotton Cropped Lounge Pants Trousers,44244509824,130581872,https://cdn.shopify.com/s/files/1/0885/0073/2222/files/1add9e7e-4da5-438d-8691-4223a35b647a.jpg?v=1756608623,"  These women's Capri pants offer a perfect blend of comfort and casual style for summer. Made from breathable cotton, they keep you cool while providing a soft, lightweight feel. The cropped length and relaxed fit make them ideal for lounging or running errands, ensuring ease of movement throughout the day. Durable and versatile, these trousers are a practical addition to any warm-weather wardrobe.        ",,34.91,Seldom Seen Styles,120726,,,https://images2.productserve.com/?w=200&h=200&bg=white&trim=5&t=letterbox&url=ssl%3Acdn.shopify.com%2Fs%2Ffiles%2F1%2F0885%2F0073%2F2222%2Ffiles%2F1add9e7e-4da5-438d-8691-4223a35b647a.jpg%3Fv%3D1756608623&feedId=111395&k=b17d1d219344085e1f1fb005ace48cfcb441ef23,USD,,,https://21c525-b8.myshopify.com/products/womens-capri-pants-casual-summer-cotton-cropped-lounge-pants-trousers?variant=12020168819006,,,USD34.91,111395,Seldom Seen Styles,1,,,,,,Womens,Trousers & Legwear